  0
SECTION
  2
HEADER
  9
$ACADVER
  1
AC1015
  9
$ACADMAINTVER
 70
     6
  9
$DWGCODEPAGE
  3
ANSI_1252
  9
$INSBASE
 10
0.0
 20
0.0
 30
0.0
  9
$EXTMIN
 10
-732.7158838282
 20
-619.2535986356
 30
0.0
  9
$EXTMAX
 10
571.586849845
 20
147.0132887414
 30
0.0
  9
$LIMMIN
 10
0.0
 20
0.0
  9
$LIMMAX
 10
420.0
 20
297.0
  9
$ORTHOMODE
 70
     0
  9
$REGENMODE
 70
     1
  9
$FILLMODE
 70
     1
  9
$QTEXTMODE
 70
     0
  9
$MIRRTEXT
 70
     1
  9
$LTSCALE
 40
1.0
  9
$ATTMODE
 70
     1
  9
$TEXTSIZE
 40
3.175
  9
$TRACEWID
 40
1.0
  9
$TEXTSTYLE
  7
Standard
  9
$CLAYER
  8
0
  9
$CELTYPE
  6
ByLayer
  9
$CECOLOR
 62
   256
  9
$CELTSCALE
 40
1.0
  9
$DISPSILH
 70
     0
  9
$DIMSCALE
 40
1.0
  9
$DIMASZ
 40
3.302
  9
$DIMEXO
 40
0.0
  9
$DIMDLI
 40
3.75
  9
$DIMRND
 40
0.0
  9
$DIMDLE
 40
0.0
  9
$DIMEXE
 40
3.175
  9
$DIMTP
 40
0.0
  9
$DIMTM
 40
0.0
  9
$DIMTXT
 40
3.175
  9
$DIMCEN
 40
2.5
  9
$DIMTSZ
 40
0.0
  9
$DIMTOL
 70
     0
  9
$DIMLIM
 70
     0
  9
$DIMTIH
 70
     1
  9
$DIMTOH
 70
     1
  9
$DIMSE1
 70
     0
  9
$DIMSE2
 70
     0
  9
$DIMTAD
 70
     0
  9
$DIMZIN
 70
     1
  9
$DIMBLK
  1

  9
$DIMASO
 70
     1
  9
$DIMSHO
 70
     1
  9
$DIMPOST
  1

  9
$DIMAPOST
  1

  9
$DIMALT
 70
     0
  9
$DIMALTD
 70
     3
  9
$DIMALTF
 40
0.0393700787
  9
$DIMLFAC
 40
1.0
  9
$DIMTOFL
 70
     1
  9
$DIMTVP
 40
0.0
  9
$DIMTIX
 70
     0
  9
$DIMSOXD
 70
     0
  9
$DIMSAH
 70
     0
  9
$DIMBLK1
  1

  9
$DIMBLK2
  1

  9
$DIMSTYLE
  2
ISO-25
  9
$DIMCLRD
 70
     0
  9
$DIMCLRE
 70
     0
  9
$DIMCLRT
 70
     0
  9
$DIMTFAC
 40
1.0
  9
$DIMGAP
 40
1.524
  9
$DIMJUST
 70
     0
  9
$DIMSD1
 70
     0
  9
$DIMSD2
 70
     0
  9
$DIMTOLJ
 70
     0
  9
$DIMTZIN
 70
     1
  9
$DIMALTZ
 70
     0
  9
$DIMALTTZ
 70
     0
  9
$DIMUPT
 70
     0
  9
$DIMDEC
 70
     2
  9
$DIMTDEC
 70
     2
  9
$DIMALTU
 70
     2
  9
$DIMALTTD
 70
     3
  9
$DIMTXSTY
  7
Standard
  9
$DIMAUNIT
 70
     0
  9
$DIMADEC
 70
     2
  9
$DIMALTRND
 40
0.0
  9
$DIMAZIN
 70
     0
  9
$DIMDSEP
 70
    44
  9
$DIMATFIT
 70
     3
  9
$DIMFRAC
 70
     0
  9
$DIMLDRBLK
  1

  9
$DIMLUNIT
 70
     2
  9
$DIMLWD
 70
    -2
  9
$DIMLWE
 70
    -2
  9
$DIMTMOVE
 70
     0
  9
$LUNITS
 70
     2
  9
$LUPREC
 70
     2
  9
$SKETCHINC
 40
1.0
  9
$FILLETRAD
 40
0.0
  9
$AUNITS
 70
     0
  9
$AUPREC
 70
     2
  9
$MENU
  1
.
  9
$ELEVATION
 40
0.0
  9
$PELEVATION
 40
0.0
  9
$THICKNESS
 40
0.0
  9
$LIMCHECK
 70
     0
  9
$CHAMFERA
 40
0.0
  9
$CHAMFERB
 40
0.0
  9
$CHAMFERC
 40
0.0
  9
$CHAMFERD
 40
0.0
  9
$SKPOLY
 70
     0
  9
$TDCREATE
 40
2461160.64528529
  9
$TDUCREATE
 40
2461160.52028529
  9
$TDUPDATE
 40
2461160.645313855
  9
$TDUUPDATE
 40
2461160.520313855
  9
$TDINDWG
 40
0.0000000116
  9
$TDUSRTIMER
 40
0.0000000116
  9
$USRTIMER
 70
     1
  9
$ANGBASE
 50
0.0
  9
$ANGDIR
 70
     0
  9
$PDMODE
 70
     0
  9
$PDSIZE
 40
-1.0
  9
$PLINEWID
 40
0.0
  9
$SPLFRAME
 70
     0
  9
$SPLINETYPE
 70
     6
  9
$SPLINESEGS
 70
     8
  9
$HANDSEED
  5
7C4
  9
$SURFTAB1
 70
     6
  9
$SURFTAB2
 70
     6
  9
$SURFTYPE
 70
     6
  9
$SURFU
 70
     6
  9
$SURFV
 70
     6
  9
$UCSBASE
  2

  9
$UCSNAME
  2

  9
$UCSORG
 10
0.0
 20
0.0
 30
0.0
  9
$UCSXDIR
 10
1.0
 20
0.0
 30
0.0
  9
$UCSYDIR
 10
0.0
 20
1.0
 30
0.0
  9
$UCSORTHOREF
  2

  9
$UCSORTHOVIEW
 70
     0
  9
$UCSORGTOP
 10
0.0
 20
0.0
 30
0.0
  9
$UCSORGBOTTOM
 10
0.0
 20
0.0
 30
0.0
  9
$UCSORGLEFT
 10
0.0
 20
0.0
 30
0.0
  9
$UCSORGRIGHT
 10
0.0
 20
0.0
 30
0.0
  9
$UCSORGFRONT
 10
0.0
 20
0.0
 30
0.0
  9
$UCSORGBACK
 10
0.0
 20
0.0
 30
0.0
  9
$PUCSBASE
  2

  9
$PUCSNAME
  2

  9
$PUCSORG
 10
0.0
 20
0.0
 30
0.0
  9
$PUCSXDIR
 10
1.0
 20
0.0
 30
0.0
  9
$PUCSYDIR
 10
0.0
 20
1.0
 30
0.0
  9
$PUCSORTHOREF
  2

  9
$PUCSORTHOVIEW
 70
     0
  9
$PUCSORGTOP
 10
0.0
 20
0.0
 30
0.0
  9
$PUCSORGBOTTOM
 10
0.0
 20
0.0
 30
0.0
  9
$PUCSORGLEFT
 10
0.0
 20
0.0
 30
0.0
  9
$PUCSORGRIGHT
 10
0.0
 20
0.0
 30
0.0
  9
$PUCSORGFRONT
 10
0.0
 20
0.0
 30
0.0
  9
$PUCSORGBACK
 10
0.0
 20
0.0
 30
0.0
  9
$USERI1
 70
     0
  9
$USERI2
 70
     0
  9
$USERI3
 70
     0
  9
$USERI4
 70
     0
  9
$USERI5
 70
     0
  9
$USERR1
 40
0.0
  9
$USERR2
 40
0.0
  9
$USERR3
 40
0.0
  9
$USERR4
 40
0.0
  9
$USERR5
 40
0.0
  9
$WORLDVIEW
 70
     1
  9
$SHADEDGE
 70
     3
  9
$SHADEDIF
 70
    70
  9
$TILEMODE
 70
     1
  9
$MAXACTVP
 70
    64
  9
$PINSBASE
 10
0.0
 20
0.0
 30
0.0
  9
$PLIMCHECK
 70
     0
  9
$PEXTMIN
 10
1.0000000000E+20
 20
1.0000000000E+20
 30
1.0000000000E+20
  9
$PEXTMAX
 10
-1.0000000000E+20
 20
-1.0000000000E+20
 30
-1.0000000000E+20
  9
$PLIMMIN
 10
0.0
 20
0.0
  9
$PLIMMAX
 10
420.0
 20
297.0
  9
$UNITMODE
 70
     0
  9
$VISRETAIN
 70
     1
  9
$PLINEGEN
 70
     0
  9
$PSLTSCALE
 70
     1
  9
$TREEDEPTH
 70
  3020
  9
$CMLSTYLE
  2
Standard
  9
$CMLJUST
 70
     0
  9
$CMLSCALE
 40
20.0
  9
$PROXYGRAPHICS
 70
     1
  9
$MEASUREMENT
 70
     1
  9
$CELWEIGHT
370
    -1
  9
$ENDCAPS
280
     0
  9
$JOINSTYLE
280
     0
  9
$LWDISPLAY
290
     1
  9
$INSUNITS
 70
     4
  9
$HYPERLINKBASE
  1

  9
$STYLESHEET
  1

  9
$XEDIT
290
     1
  9
$CEPSNTYPE
380
     0
  9
$PSTYLEMODE
290
     1
  9
$FINGERPRINTGUID
  2
{bf44991e-d416-4fbe-bbf4-18196908dd95}
  9
$VERSIONGUID
  2
{FAEB1C32-E019-11D5-929B-00C0DF256EC4}
  9
$EXTNAMES
290
     1
  9
$PSVPSCALE
 40
0.0
  9
$OLESTARTUP
290
     0
  0
ENDSEC
  0
SECTION
  2
CLASSES
  0
CLASS
  1
ACDBDICTIONARYWDFLT
  2
AcDbDictionaryWithDefault
  3
ObjectDBX Classes
 90
        0
280
     0
281
     0
  0
CLASS
  1
VISUALSTYLE
  2
AcDbVisualStyle
  3
ObjectDBX Classes
 90
     4095
280
     0
281
     0
  0
CLASS
  1
MATERIAL
  2
AcDbMaterial
  3
ObjectDBX Classes
 90
     1153
280
     0
281
     0
  0
CLASS
  1
SCALE
  2
AcDbScale
  3
ObjectDBX Classes
 90
     1153
280
     0
281
     0
  0
CLASS
  1
TABLESTYLE
  2
AcDbTableStyle
  3
ObjectDBX Classes
 90
     4095
280
     0
281
     0
  0
CLASS
  1
MLEADERSTYLE
  2
AcDbMLeaderStyle
  3
ACDB_MLEADERSTYLE_CLASS
 90
     4095
280
     0
281
     0
  0
CLASS
  1
SUN
  2
AcDbSun
  3
SCENEOE
 90
     1153
280
     0
281
     0
  0
CLASS
  1
ACDBPLACEHOLDER
  2
AcDbPlaceHolder
  3
ObjectDBX Classes
 90
        0
280
     0
281
     0
  0
CLASS
  1
LAYOUT
  2
AcDbLayout
  3
ObjectDBX Classes
 90
        0
280
     0
281
     0
  0
ENDSEC
  0
SECTION
  2
TABLES
  0
TABLE
  2
VPORT
  5
8
330
0
100
AcDbSymbolTable
 70
     1
  0
VPORT
  5
29
330
8
100
AcDbSymbolTableRecord
100
AcDbViewportTableRecord
  2
*Active
 70
     0
 10
0.0
 20
0.0
 11
1.0
 21
1.0
 12
-80.5645169916
 22
-236.1201549471
 13
0.0
 23
0.0
 14
10.0
 24
10.0
 15
10.0
 25
10.0
 16
0.0
 26
0.0
 36
1.0
 17
0.0
 27
0.0
 37
0.0
 40
781.5922251245
 41
1.7021520245
 42
50.0
 43
0.0
 44
0.0
 50
0.0
 51
0.0
 71
     0
 72
   100
 73
     1
 74
     3
 75
     0
 76
     0
 77
     0
 78
     0
281
     0
 65
     1
110
0.0
120
0.0
130
0.0
111
1.0
121
0.0
131
0.0
112
0.0
122
1.0
132
0.0
 79
     0
146
0.0
  0
ENDTAB
  0
TABLE
  2
LTYPE
  5
5
330
0
100
AcDbSymbolTable
 70
     6
  0
LTYPE
  5
14
330
5
100
AcDbSymbolTableRecord
100
AcDbLinetypeTableRecord
  2
ByBlock
 70
     0
  3

 72
    65
 73
     0
 40
0.0
  0
LTYPE
  5
15
330
5
100
AcDbSymbolTableRecord
100
AcDbLinetypeTableRecord
  2
ByLayer
 70
     0
  3

 72
    65
 73
     0
 40
0.0
  0
LTYPE
  5
16
330
5
100
AcDbSymbolTableRecord
100
AcDbLinetypeTableRecord
  2
Continuous
 70
     0
  3
Solid line
 72
    65
 73
     0
 40
0.0
  0
LTYPE
  5
5E
330
5
100
AcDbSymbolTableRecord
100
AcDbLinetypeTableRecord
  2
HIDDEN
 70
     0
  3
Hidden __ __ __ __ __ __ __ __ __ __ __ __ __ __
 72
    65
 73
     2
 40
1.905
 49
1.27
 74
     0
 49
-0.635
 74
     0
  0
LTYPE
  5
5F
330
5
100
AcDbSymbolTableRecord
100
AcDbLinetypeTableRecord
  2
PHANTOM
 70
     0
  3
Phantom ______  __  __  ______  __  __  ______
 72
    65
 73
     6
 40
12.7
 49
6.35
 74
     0
 49
-1.27
 74
     0
 49
1.27
 74
     0
 49
-1.27
 74
     0
 49
1.27
 74
     0
 49
-1.27
 74
     0
  0
LTYPE
  5
60
330
5
100
AcDbSymbolTableRecord
100
AcDbLinetypeTableRecord
  2
CENTER
 70
     0
  3
Center ____ _ ____ _ ____ _ ____ _ ____ _ ____
 72
    65
 73
     4
 40
10.16
 49
6.35
 74
     0
 49
-1.27
 74
     0
 49
1.27
 74
     0
 49
-1.27
 74
     0
  0
LTYPE
  5
61
330
5
100
AcDbSymbolTableRecord
100
AcDbLinetypeTableRecord
  2
CENTERX2
 70
     0
  3
Center (2x) ________  __  ________  __  _____
 72
    65
 73
     4
 40
20.32
 49
12.7
 74
     0
 49
-2.54
 74
     0
 49
2.54
 74
     0
 49
-2.54
 74
     0
  0
LTYPE
  5
62
330
5
100
AcDbSymbolTableRecord
100
AcDbLinetypeTableRecord
  2
DOT2
 70
     0
  3
Dot (.5x) ........................................
 72
    65
 73
     2
 40
0.635
 49
0.0
 74
     0
 49
-0.635
 74
     0
  0
ENDTAB
  0
TABLE
  2
LAYER
  5
2
330
0
100
AcDbSymbolTable
 70
     1
  0
LAYER
  5
10
330
2
100
AcDbSymbolTableRecord
100
AcDbLayerTableRecord
  2
0
 70
     0
 62
     7
  6
Continuous
370
    -3
390
F
  0
ENDTAB
  0
TABLE
  2
STYLE
  5
3
330
0
100
AcDbSymbolTable
 70
     1
  0
STYLE
  5
11
330
3
100
AcDbSymbolTableRecord
100
AcDbTextStyleTableRecord
  2
Standard
 70
     0
 40
0.0
 41
1.0
 50
0.0
 71
     0
 42
3.175
  3
txt
  4

  0
ENDTAB
  0
TABLE
  2
VIEW
  5
6
330
0
100
AcDbSymbolTable
 70
     0
  0
ENDTAB
  0
TABLE
  2
UCS
  5
7
330
0
100
AcDbSymbolTable
 70
     0
  0
ENDTAB
  0
TABLE
  2
APPID
  5
9
330
0
100
AcDbSymbolTable
 70
     1
  0
APPID
  5
12
330
9
100
AcDbSymbolTableRecord
100
AcDbRegAppTableRecord
  2
ACAD
 70
     0
  0
ENDTAB
  0
TABLE
  2
DIMSTYLE
  5
A
330
0
100
AcDbSymbolTable
 70
     1
100
AcDbDimStyleTable
  0
DIMSTYLE
105
27
330
A
100
AcDbSymbolTableRecord
100
AcDbDimStyleTableRecord
  2
ISO-25
 70
     0
 41
2.5
 42
0.625
 43
3.75
 44
1.25
 73
     0
 74
     0
 77
     1
 78
     8
140
2.5
141
2.5
143
0.0393700787
147
0.625
171
     3
172
     1
178
     0
271
     2
272
     2
274
     3
278
    44
283
     0
284
     8
340
11
  0
ENDTAB
  0
TABLE
  2
BLOCK_RECORD
  5
1
330
0
100
AcDbSymbolTable
 70
     1
  0
BLOCK_RECORD
  5
1F
330
1
100
AcDbSymbolTableRecord
100
AcDbBlockTableRecord
  2
*Model_Space
340
22
  0
BLOCK_RECORD
  5
1B
330
1
100
AcDbSymbolTableRecord
100
AcDbBlockTableRecord
  2
*Paper_Space
340
1E
  0
BLOCK_RECORD
  5
23
330
1
100
AcDbSymbolTableRecord
100
AcDbBlockTableRecord
  2
*Paper_Space0
340
26
  0
ENDTAB
  0
ENDSEC
  0
SECTION
  2
BLOCKS
  0
BLOCK
  5
20
330
1F
100
AcDbEntity
  8
0
100
AcDbBlockBegin
  2
*Model_Space
 70
     0
 10
0.0
 20
0.0
 30
0.0
  3
*Model_Space
  1

  0
ENDBLK
  5
21
330
1F
100
AcDbEntity
  8
0
100
AcDbBlockEnd
  0
BLOCK
  5
1C
330
1B
100
AcDbEntity
 67
     1
  8
0
100
AcDbBlockBegin
  2
*Paper_Space
 70
     0
 10
0.0
 20
0.0
 30
0.0
  3
*Paper_Space
  1

  0
ENDBLK
  5
1D
330
1B
100
AcDbEntity
 67
     1
  8
0
100
AcDbBlockEnd
  0
BLOCK
  5
24
330
23
100
AcDbEntity
  8
0
100
AcDbBlockBegin
  2
*Paper_Space0
 70
     0
 10
0.0
 20
0.0
 30
0.0
  3
*Paper_Space0
  1

  0
ENDBLK
  5
25
330
23
100
AcDbEntity
  8
0
100
AcDbBlockEnd
  0
ENDSEC
  0
SECTION
  2
ENTITIES
  0
LINE
  5
63
330
1F
100
AcDbEntity
  8
0
  6
CENTERX2
 62
     7
100
AcDbLine
 10
-172.8636543109
 20
73.2284346407
 30
0.0
 11
82.1363456891
 21
73.2284346407
 31
0.0
  0
LINE
  5
64
330
1F
100
AcDbEntity
  8
0
  6
CENTERX2
 62
     7
100
AcDbLine
 10
-172.8636543109
 20
73.2284346407
 30
0.0
 11
-172.8636543109
 21
-81.7715653593
 31
0.0
  0
LINE
  5
65
330
1F
100
AcDbEntity
  8
0
  6
CENTERX2
 62
     7
100
AcDbLine
 10
-172.8636543109
 20
-81.7715653593
 30
0.0
 11
82.1363456891
 21
-81.7715653593
 31
0.0
  0
LINE
  5
66
330
1F
100
AcDbEntity
  8
0
  6
CENTERX2
 62
     7
100
AcDbLine
 10
82.1363456891
 20
73.2284346407
 30
0.0
 11
82.1363456891
 21
-81.7715653593
 31
0.0
  0
LINE
  5
415
330
1F
100
AcDbEntity
  8
0
  6
Continuous
 62
     7
370
    25
100
AcDbLine
 10
271.586849845
 20
138.5203509326
 30
0.0
 11
281.586849845
 21
138.5203509326
 31
0.0
  0
LINE
  5
416
330
1F
100
AcDbEntity
  8
0
  6
Continuous
 62
     7
370
    25
100
AcDbLine
 10
281.586849845
 20
138.5203509326
 30
0.0
 11
281.586849845
 21
143.5203509326
 31
0.0
  0
LINE
  5
417
330
1F
100
AcDbEntity
  8
0
  6
Continuous
 62
     7
370
    25
100
AcDbLine
 10
281.586849845
 20
143.5203509326
 30
0.0
 11
561.586849845
 21
143.5203509326
 31
0.0
  0
LINE
  5
418
330
1F
100
AcDbEntity
  8
0
  6
Continuous
 62
     7
370
    25
100
AcDbLine
 10
561.586849845
 20
138.5203509326
 30
0.0
 11
561.586849845
 21
143.5203509326
 31
0.0
  0
LINE
  5
419
330
1F
100
AcDbEntity
  8
0
  6
Continuous
 62
     7
370
    25
100
AcDbLine
 10
561.586849845
 20
138.5203509326
 30
0.0
 11
571.586849845
 21
138.5203509326
 31
0.0
  0
LINE
  5
41A
330
1F
100
AcDbEntity
  8
0
  6
Continuous
 62
     7
370
    25
100
AcDbLine
 10
571.586849845
 20
128.5203509326
 30
0.0
 11
571.586849845
 21
138.5203509326
 31
0.0
  0
LINE
  5
41B
330
1F
100
AcDbEntity
  8
0
  6
Continuous
 62
     7
370
    25
100
AcDbLine
 10
561.586849845
 20
128.5203509326
 30
0.0
 11
571.586849845
 21
128.5203509326
 31
0.0
  0
LINE
  5
41C
330
1F
100
AcDbEntity
  8
0
  6
Continuous
 62
     7
370
    25
100
AcDbLine
 10
281.586849845
 20
123.5203509326
 30
0.0
 11
561.586849845
 21
123.5203509326
 31
0.0
  0
LINE
  5
41D
330
1F
100
AcDbEntity
  8
0
  6
Continuous
 62
     7
370
    25
100
AcDbLine
 10
561.586849845
 20
123.5203509326
 30
0.0
 11
561.586849845
 21
128.5203509326
 31
0.0
  0
LINE
  5
41E
330
1F
100
AcDbEntity
  8
0
  6
Continuous
 62
     7
370
    25
100
AcDbLine
 10
271.586849845
 20
128.5203509326
 30
0.0
 11
271.586849845
 21
138.5203509326
 31
0.0
  0
LINE
  5
41F
330
1F
100
AcDbEntity
  8
0
  6
Continuous
 62
     7
370
    25
100
AcDbLine
 10
281.586849845
 20
123.5203509326
 30
0.0
 11
281.586849845
 21
128.5203509326
 31
0.0
  0
LINE
  5
420
330
1F
100
AcDbEntity
  8
0
  6
Continuous
 62
     7
370
    25
100
AcDbLine
 10
271.586849845
 20
128.5203509326
 30
0.0
 11
281.586849845
 21
128.5203509326
 31
0.0
  0
LINE
  5
421
330
1F
100
AcDbEntity
  8
0
  6
Continuous
 62
     7
370
    25
100
AcDbLine
 10
-373.0947425286
 20
141.6147189554
 30
0.0
 11
-373.0947425286
 21
146.6147189554
 31
0.0
  0
LINE
  5
422
330
1F
100
AcDbEntity
  8
0
  6
Continuous
 62
     7
370
    25
100
AcDbLine
 10
-373.0947425286
 20
146.6147189554
 30
0.0
 11
-93.0947425286
 21
146.6147189554
 31
0.0
  0
LINE
  5
423
330
1F
100
AcDbEntity
  8
0
  6
Continuous
 62
     7
370
    25
100
AcDbLine
 10
-93.0947425286
 20
141.6147189554
 30
0.0
 11
-93.0947425286
 21
146.6147189554
 31
0.0
  0
LINE
  5
424
330
1F
100
AcDbEntity
  8
0
  6
Continuous
 62
     7
370
    25
100
AcDbLine
 10
-93.0947425286
 20
141.6147189554
 30
0.0
 11
-83.0947425286
 21
141.6147189554
 31
0.0
  0
LINE
  5
425
330
1F
100
AcDbEntity
  8
0
  6
Continuous
 62
     7
370
    25
100
AcDbLine
 10
-83.0947425286
 20
131.6147189554
 30
0.0
 11
-83.0947425286
 21
141.6147189554
 31
0.0
  0
LINE
  5
426
330
1F
100
AcDbEntity
  8
0
  6
Continuous
 62
     7
370
    25
100
AcDbLine
 10
-93.0947425286
 20
131.6147189554
 30
0.0
 11
-83.0947425286
 21
131.6147189554
 31
0.0
  0
LINE
  5
427
330
1F
100
AcDbEntity
  8
0
  6
Continuous
 62
     7
370
    25
100
AcDbLine
 10
-93.0947425286
 20
126.6147189554
 30
0.0
 11
-93.0947425286
 21
131.6147189554
 31
0.0
  0
LINE
  5
428
330
1F
100
AcDbEntity
  8
0
  6
Continuous
 62
     7
370
    25
100
AcDbLine
 10
-373.0947425286
 20
126.6147189554
 30
0.0
 11
-93.0947425286
 21
126.6147189554
 31
0.0
  0
LINE
  5
429
330
1F
100
AcDbEntity
  8
0
  6
Continuous
 62
     7
370
    25
100
AcDbLine
 10
-373.0947425286
 20
126.6147189554
 30
0.0
 11
-373.0947425286
 21
131.6147189554
 31
0.0
  0
LINE
  5
42A
330
1F
100
AcDbEntity
  8
0
  6
Continuous
 62
     7
370
    25
100
AcDbLine
 10
-383.0947425286
 20
131.6147189554
 30
0.0
 11
-373.0947425286
 21
131.6147189554
 31
0.0
  0
LINE
  5
42B
330
1F
100
AcDbEntity
  8
0
  6
Continuous
 62
     7
370
    25
100
AcDbLine
 10
-383.0947425286
 20
131.6147189554
 30
0.0
 11
-383.0947425286
 21
141.6147189554
 31
0.0
  0
LINE
  5
42C
330
1F
100
AcDbEntity
  8
0
  6
Continuous
 62
     7
370
    25
100
AcDbLine
 10
-383.0947425286
 20
141.6147189554
 30
0.0
 11
-373.0947425286
 21
141.6147189554
 31
0.0
  0
LINE
  5
42D
330
1F
100
AcDbEntity
  8
0
  6
Continuous
 62
     7
370
    25
100
AcDbLine
 10
-46.7575320769
 20
122.7205601537
 30
0.0
 11
-46.7575320769
 21
127.7205601537
 31
0.0
  0
LINE
  5
42E
330
1F
100
AcDbEntity
  8
0
  6
Continuous
 62
     7
370
    25
100
AcDbLine
 10
-56.7575320769
 20
127.7205601537
 30
0.0
 11
-46.7575320769
 21
127.7205601537
 31
0.0
  0
LINE
  5
42F
330
1F
100
AcDbEntity
  8
0
  6
Continuous
 62
     7
370
    25
100
AcDbLine
 10
-56.7575320769
 20
127.7205601537
 30
0.0
 11
-56.7575320769
 21
137.7205601537
 31
0.0
  0
LINE
  5
430
330
1F
100
AcDbEntity
  8
0
  6
Continuous
 62
     7
370
    25
100
AcDbLine
 10
-56.7575320769
 20
137.7205601537
 30
0.0
 11
-46.7575320769
 21
137.7205601537
 31
0.0
  0
LINE
  5
431
330
1F
100
AcDbEntity
  8
0
  6
Continuous
 62
     7
370
    25
100
AcDbLine
 10
-46.7575320769
 20
137.7205601537
 30
0.0
 11
-46.7575320769
 21
142.7205601537
 31
0.0
  0
LINE
  5
432
330
1F
100
AcDbEntity
  8
0
  6
Continuous
 62
     7
370
    25
100
AcDbLine
 10
-46.7575320769
 20
142.7205601537
 30
0.0
 11
233.2424679231
 21
142.7205601537
 31
0.0
  0
LINE
  5
433
330
1F
100
AcDbEntity
  8
0
  6
Continuous
 62
     7
370
    25
100
AcDbLine
 10
233.2424679231
 20
137.7205601537
 30
0.0
 11
233.2424679231
 21
142.7205601537
 31
0.0
  0
LINE
  5
434
330
1F
100
AcDbEntity
  8
0
  6
Continuous
 62
     7
370
    25
100
AcDbLine
 10
233.2424679231
 20
137.7205601537
 30
0.0
 11
243.2424679231
 21
137.7205601537
 31
0.0
  0
LINE
  5
435
330
1F
100
AcDbEntity
  8
0
  6
Continuous
 62
     7
370
    25
100
AcDbLine
 10
243.2424679231
 20
127.7205601537
 30
0.0
 11
243.2424679231
 21
137.7205601537
 31
0.0
  0
LINE
  5
436
330
1F
100
AcDbEntity
  8
0
  6
Continuous
 62
     7
370
    25
100
AcDbLine
 10
233.2424679231
 20
127.7205601537
 30
0.0
 11
243.2424679231
 21
127.7205601537
 31
0.0
  0
LINE
  5
437
330
1F
100
AcDbEntity
  8
0
  6
Continuous
 62
     7
370
    25
100
AcDbLine
 10
233.2424679231
 20
122.7205601537
 30
0.0
 11
233.2424679231
 21
127.7205601537
 31
0.0
  0
LINE
  5
438
330
1F
100
AcDbEntity
  8
0
  6
Continuous
 62
     7
370
    25
100
AcDbLine
 10
-46.7575320769
 20
122.7205601537
 30
0.0
 11
233.2424679231
 21
122.7205601537
 31
0.0
  0
LINE
  5
439
330
1F
100
AcDbEntity
  8
0
  6
Continuous
 62
     7
370
    25
100
AcDbLine
 10
-707.8696826346
 20
132.0132887414
 30
0.0
 11
-697.8696826346
 21
132.0132887414
 31
0.0
  0
LINE
  5
43A
330
1F
100
AcDbEntity
  8
0
  6
Continuous
 62
     7
370
    25
100
AcDbLine
 10
-707.8696826346
 20
132.0132887414
 30
0.0
 11
-707.8696826346
 21
142.0132887414
 31
0.0
  0
LINE
  5
43B
330
1F
100
AcDbEntity
  8
0
  6
Continuous
 62
     7
370
    25
100
AcDbLine
 10
-417.8696826346
 20
142.0132887414
 30
0.0
 11
-417.8696826346
 21
147.0132887414
 31
0.0
  0
LINE
  5
43C
330
1F
100
AcDbEntity
  8
0
  6
Continuous
 62
     7
370
    25
100
AcDbLine
 10
-417.8696826346
 20
142.0132887414
 30
0.0
 11
-407.8696826346
 21
142.0132887414
 31
0.0
  0
LINE
  5
43D
330
1F
100
AcDbEntity
  8
0
  6
Continuous
 62
     7
370
    25
100
AcDbLine
 10
-407.8696826346
 20
132.0132887414
 30
0.0
 11
-407.8696826346
 21
142.0132887414
 31
0.0
  0
LINE
  5
43E
330
1F
100
AcDbEntity
  8
0
  6
Continuous
 62
     7
370
    25
100
AcDbLine
 10
-417.8696826346
 20
132.0132887414
 30
0.0
 11
-407.8696826346
 21
132.0132887414
 31
0.0
  0
LINE
  5
43F
330
1F
100
AcDbEntity
  8
0
  6
Continuous
 62
     7
370
    25
100
AcDbLine
 10
-417.8696826346
 20
127.0132887414
 30
0.0
 11
-417.8696826346
 21
132.0132887414
 31
0.0
  0
LINE
  5
440
330
1F
100
AcDbEntity
  8
0
  6
Continuous
 62
     7
370
    25
100
AcDbLine
 10
-697.8696826346
 20
127.0132887414
 30
0.0
 11
-417.8696826346
 21
127.0132887414
 31
0.0
  0
LINE
  5
441
330
1F
100
AcDbEntity
  8
0
  6
Continuous
 62
     7
370
    25
100
AcDbLine
 10
-697.8696826346
 20
127.0132887414
 30
0.0
 11
-697.8696826346
 21
132.0132887414
 31
0.0
  0
LINE
  5
442
330
1F
100
AcDbEntity
  8
0
  6
Continuous
 62
     7
370
    25
100
AcDbLine
 10
-707.8696826346
 20
142.0132887414
 30
0.0
 11
-697.8696826346
 21
142.0132887414
 31
0.0
  0
LINE
  5
443
330
1F
100
AcDbEntity
  8
0
  6
Continuous
 62
     7
370
    25
100
AcDbLine
 10
-697.8696826346
 20
142.0132887414
 30
0.0
 11
-697.8696826346
 21
147.0132887414
 31
0.0
  0
LINE
  5
444
330
1F
100
AcDbEntity
  8
0
  6
Continuous
 62
     7
370
    25
100
AcDbLine
 10
-697.8696826346
 20
147.0132887414
 30
0.0
 11
-417.8696826346
 21
147.0132887414
 31
0.0
  0
LINE
  5
445
330
1F
100
AcDbEntity
  8
0
  6
Continuous
 62
     7
370
    25
100
AcDbLine
 10
508.7493772455
 20
16.7625973738
 30
0.0
 11
508.7493772455
 21
53.4292640405
 31
0.0
  0
LINE
  5
446
330
1F
100
AcDbEntity
  8
0
  6
Continuous
 62
     7
370
    25
100
AcDbLine
 10
503.7493772455
 20
16.7625973738
 30
0.0
 11
508.7493772455
 21
16.7625973738
 31
0.0
  0
LINE
  5
447
330
1F
100
AcDbEntity
  8
0
  6
Continuous
 62
     7
370
    25
100
AcDbLine
 10
503.7493772455
 20
-8.2374026262
 30
0.0
 11
503.7493772455
 21
16.7625973738
 31
0.0
  0
LINE
  5
448
330
1F
100
AcDbEntity
  8
0
  6
Continuous
 62
     7
370
    25
100
AcDbLine
 10
503.7493772455
 20
-8.2374026262
 30
0.0
 11
508.7493772455
 21
-8.2374026262
 31
0.0
  0
LINE
  5
449
330
1F
100
AcDbEntity
  8
0
  6
Continuous
 62
     7
370
    25
100
AcDbLine
 10
478.7493772455
 20
-131.5707359595
 30
0.0
 11
478.7493772455
 21
-106.5707359595
 31
0.0
  0
LINE
  5
44A
330
1F
100
AcDbEntity
  8
0
  6
Continuous
 62
     7
370
    25
100
AcDbLine
 10
473.7493772455
 20
-106.5707359595
 30
0.0
 11
473.7493772455
 21
-69.9040692929
 31
0.0
  0
LINE
  5
44B
330
1F
100
AcDbEntity
  8
0
  6
Continuous
 62
     7
370
    25
100
AcDbLine
 10
473.7493772455
 20
-69.9040692929
 30
0.0
 11
478.7493772455
 21
-69.9040692929
 31
0.0
  0
LINE
  5
44C
330
1F
100
AcDbEntity
  8
0
  6
Continuous
 62
     7
370
    25
100
AcDbLine
 10
473.7493772455
 20
-44.9040692929
 30
0.0
 11
478.7493772455
 21
-44.9040692929
 31
0.0
  0
LINE
  5
44D
330
1F
100
AcDbEntity
  8
0
  6
Continuous
 62
     7
370
    25
100
AcDbLine
 10
473.7493772455
 20
-44.9040692929
 30
0.0
 11
473.7493772455
 21
-8.2374026262
 31
0.0
  0
LINE
  5
44E
330
1F
100
AcDbEntity
  8
0
  6
Continuous
 62
     7
370
    25
100
AcDbLine
 10
473.7493772455
 20
-8.2374026262
 30
0.0
 11
478.7493772455
 21
-8.2374026262
 31
0.0
  0
LINE
  5
44F
330
1F
100
AcDbEntity
  8
0
  6
Continuous
 62
     7
370
    25
100
AcDbLine
 10
478.7493772455
 20
-8.2374026262
 30
0.0
 11
478.7493772455
 21
16.7625973738
 31
0.0
  0
LINE
  5
450
330
1F
100
AcDbEntity
  8
0
  6
Continuous
 62
     7
370
    25
100
AcDbLine
 10
473.7493772455
 20
16.7625973738
 30
0.0
 11
478.7493772455
 21
16.7625973738
 31
0.0
  0
LINE
  5
451
330
1F
100
AcDbEntity
  8
0
  6
Continuous
 62
     7
370
    25
100
AcDbLine
 10
473.7493772455
 20
16.7625973738
 30
0.0
 11
473.7493772455
 21
53.4292640405
 31
0.0
  0
LINE
  5
452
330
1F
100
AcDbEntity
  8
0
  6
Continuous
 62
     7
370
    25
100
AcDbLine
 10
473.7493772455
 20
53.4292640405
 30
0.0
 11
478.7493772455
 21
53.4292640405
 31
0.0
  0
LINE
  5
453
330
1F
100
AcDbEntity
  8
0
  6
Continuous
 62
     7
370
    25
100
AcDbLine
 10
478.7493772455
 20
53.4292640405
 30
0.0
 11
478.7493772455
 21
78.4292640405
 31
0.0
  0
LINE
  5
454
330
1F
100
AcDbEntity
  8
0
  6
Continuous
 62
     7
370
    25
100
AcDbLine
 10
473.7493772455
 20
78.4292640405
 30
0.0
 11
478.7493772455
 21
78.4292640405
 31
0.0
  0
LINE
  5
455
330
1F
100
AcDbEntity
  8
0
  6
Continuous
 62
     7
370
    25
100
AcDbLine
 10
473.7493772455
 20
78.4292640405
 30
0.0
 11
473.7493772455
 21
106.0332787505
 31
0.0
  0
LINE
  5
456
330
1F
100
AcDbEntity
  8
0
  6
Continuous
 62
     7
370
    25
100
AcDbLine
 10
473.7493772455
 20
106.0332787505
 30
0.0
 11
508.7493772455
 21
106.0332787505
 31
0.0
  0
LINE
  5
457
330
1F
100
AcDbEntity
  8
0
  6
Continuous
 62
     7
370
    25
100
AcDbLine
 10
508.7493772455
 20
78.4292640405
 30
0.0
 11
508.7493772455
 21
106.0332787505
 31
0.0
  0
LINE
  5
458
330
1F
100
AcDbEntity
  8
0
  6
Continuous
 62
     7
370
    25
100
AcDbLine
 10
503.7493772455
 20
78.4292640405
 30
0.0
 11
508.7493772455
 21
78.4292640405
 31
0.0
  0
LINE
  5
459
330
1F
100
AcDbEntity
  8
0
  6
Continuous
 62
     7
370
    25
100
AcDbLine
 10
503.7493772455
 20
53.4292640405
 30
0.0
 11
503.7493772455
 21
78.4292640405
 31
0.0
  0
LINE
  5
45A
330
1F
100
AcDbEntity
  8
0
  6
Continuous
 62
     7
370
    25
100
AcDbLine
 10
503.7493772455
 20
53.4292640405
 30
0.0
 11
508.7493772455
 21
53.4292640405
 31
0.0
  0
LINE
  5
45B
330
1F
100
AcDbEntity
  8
0
  6
Continuous
 62
     7
370
    25
100
AcDbLine
 10
473.7493772455
 20
-106.5707359595
 30
0.0
 11
478.7493772455
 21
-106.5707359595
 31
0.0
  0
LINE
  5
45C
330
1F
100
AcDbEntity
  8
0
  6
Continuous
 62
     7
370
    25
100
AcDbLine
 10
503.7493772455
 20
-131.5707359595
 30
0.0
 11
503.7493772455
 21
-106.5707359595
 31
0.0
  0
LINE
  5
45D
330
1F
100
AcDbEntity
  8
0
  6
Continuous
 62
     7
370
    25
100
AcDbLine
 10
508.7493772455
 20
-44.9040692929
 30
0.0
 11
508.7493772455
 21
-8.2374026262
 31
0.0
  0
LINE
  5
45E
330
1F
100
AcDbEntity
  8
0
  6
Continuous
 62
     7
370
    25
100
AcDbLine
 10
503.7493772455
 20
-44.9040692929
 30
0.0
 11
508.7493772455
 21
-44.9040692929
 31
0.0
  0
LINE
  5
45F
330
1F
100
AcDbEntity
  8
0
  6
Continuous
 62
     7
370
    25
100
AcDbLine
 10
503.7493772455
 20
-69.9040692929
 30
0.0
 11
503.7493772455
 21
-44.9040692929
 31
0.0
  0
LINE
  5
460
330
1F
100
AcDbEntity
  8
0
  6
Continuous
 62
     7
370
    25
100
AcDbLine
 10
503.7493772455
 20
-69.9040692929
 30
0.0
 11
508.7493772455
 21
-69.9040692929
 31
0.0
  0
LINE
  5
461
330
1F
100
AcDbEntity
  8
0
  6
Continuous
 62
     7
370
    25
100
AcDbLine
 10
508.7493772455
 20
-106.5707359595
 30
0.0
 11
508.7493772455
 21
-69.9040692929
 31
0.0
  0
LINE
  5
462
330
1F
100
AcDbEntity
  8
0
  6
Continuous
 62
     7
370
    25
100
AcDbLine
 10
503.7493772455
 20
-106.5707359595
 30
0.0
 11
508.7493772455
 21
-106.5707359595
 31
0.0
  0
LINE
  5
463
330
1F
100
AcDbEntity
  8
0
  6
Continuous
 62
     7
370
    25
100
AcDbLine
 10
473.7493772455
 20
-161.5707359595
 30
0.0
 11
508.7493772455
 21
-161.5707359595
 31
0.0
  0
LINE
  5
464
330
1F
100
AcDbEntity
  8
0
  6
Continuous
 62
     7
370
    25
100
AcDbLine
 10
503.7493772455
 20
-131.5707359595
 30
0.0
 11
508.7493772455
 21
-131.5707359595
 31
0.0
  0
LINE
  5
465
330
1F
100
AcDbEntity
  8
0
  6
Continuous
 62
     7
370
    25
100
AcDbLine
 10
508.7493772455
 20
-161.5707359595
 30
0.0
 11
508.7493772455
 21
-131.5707359595
 31
0.0
  0
LINE
  5
466
330
1F
100
AcDbEntity
  8
0
  6
Continuous
 62
     7
370
    25
100
AcDbLine
 10
473.7493772455
 20
-161.5707359595
 30
0.0
 11
473.7493772455
 21
-131.5707359595
 31
0.0
  0
LINE
  5
467
330
1F
100
AcDbEntity
  8
0
  6
Continuous
 62
     7
370
    25
100
AcDbLine
 10
473.7493772455
 20
-131.5707359595
 30
0.0
 11
478.7493772455
 21
-131.5707359595
 31
0.0
  0
LINE
  5
468
330
1F
100
AcDbEntity
  8
0
  6
Continuous
 62
     7
370
    25
100
AcDbLine
 10
478.7493772455
 20
-69.9040692929
 30
0.0
 11
478.7493772455
 21
-44.9040692929
 31
0.0
  0
LINE
  5
469
330
1F
100
AcDbEntity
  8
0
  6
Continuous
 62
     7
370
    25
100
AcDbLine
 10
559.0388913294
 20
-130.3025903634
 30
0.0
 11
559.0388913294
 21
-105.3025903634
 31
0.0
  0
LINE
  5
46A
330
1F
100
AcDbEntity
  8
0
  6
Continuous
 62
     7
370
    25
100
AcDbLine
 10
529.0388913294
 20
-43.6359236967
 30
0.0
 11
529.0388913294
 21
-6.96925703
 31
0.0
  0
LINE
  5
46B
330
1F
100
AcDbEntity
  8
0
  6
Continuous
 62
     7
370
    25
100
AcDbLine
 10
529.0388913294
 20
107.3014243466
 30
0.0
 11
564.0388913294
 21
107.3014243466
 31
0.0
  0
LINE
  5
46C
330
1F
100
AcDbEntity
  8
0
  6
Continuous
 62
     7
370
    25
100
AcDbLine
 10
559.0388913294
 20
-105.3025903634
 30
0.0
 11
564.0388913294
 21
-105.3025903634
 31
0.0
  0
LINE
  5
46D
330
1F
100
AcDbEntity
  8
0
  6
Continuous
 62
     7
370
    25
100
AcDbLine
 10
559.0388913294
 20
79.6974096366
 30
0.0
 11
564.0388913294
 21
79.6974096366
 31
0.0
  0
LINE
  5
46E
330
1F
100
AcDbEntity
  8
0
  6
Continuous
 62
     7
370
    25
100
AcDbLine
 10
559.0388913294
 20
54.6974096366
 30
0.0
 11
559.0388913294
 21
79.6974096366
 31
0.0
  0
LINE
  5
46F
330
1F
100
AcDbEntity
  8
0
  6
Continuous
 62
     7
370
    25
100
AcDbLine
 10
559.0388913294
 20
54.6974096366
 30
0.0
 11
564.0388913294
 21
54.6974096366
 31
0.0
  0
LINE
  5
470
330
1F
100
AcDbEntity
  8
0
  6
Continuous
 62
     7
370
    25
100
AcDbLine
 10
564.0388913294
 20
18.03074297
 30
0.0
 11
564.0388913294
 21
54.6974096366
 31
0.0
  0
LINE
  5
471
330
1F
100
AcDbEntity
  8
0
  6
Continuous
 62
     7
370
    25
100
AcDbLine
 10
559.0388913294
 20
-6.96925703
 30
0.0
 11
559.0388913294
 21
18.03074297
 31
0.0
  0
LINE
  5
472
330
1F
100
AcDbEntity
  8
0
  6
Continuous
 62
     7
370
    25
100
AcDbLine
 10
559.0388913294
 20
-6.96925703
 30
0.0
 11
564.0388913294
 21
-6.96925703
 31
0.0
  0
LINE
  5
473
330
1F
100
AcDbEntity
  8
0
  6
Continuous
 62
     7
370
    25
100
AcDbLine
 10
564.0388913294
 20
-43.6359236967
 30
0.0
 11
564.0388913294
 21
-6.96925703
 31
0.0
  0
LINE
  5
474
330
1F
100
AcDbEntity
  8
0
  6
Continuous
 62
     7
370
    25
100
AcDbLine
 10
559.0388913294
 20
-43.6359236967
 30
0.0
 11
564.0388913294
 21
-43.6359236967
 31
0.0
  0
LINE
  5
475
330
1F
100
AcDbEntity
  8
0
  6
Continuous
 62
     7
370
    25
100
AcDbLine
 10
559.0388913294
 20
-68.6359236967
 30
0.0
 11
559.0388913294
 21
-43.6359236967
 31
0.0
  0
LINE
  5
476
330
1F
100
AcDbEntity
  8
0
  6
Continuous
 62
     7
370
    25
100
AcDbLine
 10
559.0388913294
 20
-68.6359236967
 30
0.0
 11
564.0388913294
 21
-68.6359236967
 31
0.0
  0
LINE
  5
477
330
1F
100
AcDbEntity
  8
0
  6
Continuous
 62
     7
370
    25
100
AcDbLine
 10
564.0388913294
 20
-105.3025903634
 30
0.0
 11
564.0388913294
 21
-68.6359236967
 31
0.0
  0
LINE
  5
478
330
1F
100
AcDbEntity
  8
0
  6
Continuous
 62
     7
370
    25
100
AcDbLine
 10
529.0388913294
 20
-6.96925703
 30
0.0
 11
534.0388913294
 21
-6.96925703
 31
0.0
  0
LINE
  5
479
330
1F
100
AcDbEntity
  8
0
  6
Continuous
 62
     7
370
    25
100
AcDbLine
 10
534.0388913294
 20
-6.96925703
 30
0.0
 11
534.0388913294
 21
18.03074297
 31
0.0
  0
LINE
  5
47A
330
1F
100
AcDbEntity
  8
0
  6
Continuous
 62
     7
370
    25
100
AcDbLine
 10
529.0388913294
 20
18.03074297
 30
0.0
 11
534.0388913294
 21
18.03074297
 31
0.0
  0
LINE
  5
47B
330
1F
100
AcDbEntity
  8
0
  6
Continuous
 62
     7
370
    25
100
AcDbLine
 10
559.0388913294
 20
-130.3025903634
 30
0.0
 11
564.0388913294
 21
-130.3025903634
 31
0.0
  0
LINE
  5
47C
330
1F
100
AcDbEntity
  8
0
  6
Continuous
 62
     7
370
    25
100
AcDbLine
 10
564.0388913294
 20
-160.3025903634
 30
0.0
 11
564.0388913294
 21
-130.3025903634
 31
0.0
  0
LINE
  5
47D
330
1F
100
AcDbEntity
  8
0
  6
Continuous
 62
     7
370
    25
100
AcDbLine
 10
529.0388913294
 20
-160.3025903634
 30
0.0
 11
564.0388913294
 21
-160.3025903634
 31
0.0
  0
LINE
  5
47E
330
1F
100
AcDbEntity
  8
0
  6
Continuous
 62
     7
370
    25
100
AcDbLine
 10
529.0388913294
 20
-160.3025903634
 30
0.0
 11
529.0388913294
 21
-130.3025903634
 31
0.0
  0
LINE
  5
47F
330
1F
100
AcDbEntity
  8
0
  6
Continuous
 62
     7
370
    25
100
AcDbLine
 10
529.0388913294
 20
-130.3025903634
 30
0.0
 11
534.0388913294
 21
-130.3025903634
 31
0.0
  0
LINE
  5
480
330
1F
100
AcDbEntity
  8
0
  6
Continuous
 62
     7
370
    25
100
AcDbLine
 10
534.0388913294
 20
-130.3025903634
 30
0.0
 11
534.0388913294
 21
-105.3025903634
 31
0.0
  0
LINE
  5
481
330
1F
100
AcDbEntity
  8
0
  6
Continuous
 62
     7
370
    25
100
AcDbLine
 10
529.0388913294
 20
-105.3025903634
 30
0.0
 11
534.0388913294
 21
-105.3025903634
 31
0.0
  0
LINE
  5
482
330
1F
100
AcDbEntity
  8
0
  6
Continuous
 62
     7
370
    25
100
AcDbLine
 10
529.0388913294
 20
-105.3025903634
 30
0.0
 11
529.0388913294
 21
-68.6359236967
 31
0.0
  0
LINE
  5
483
330
1F
100
AcDbEntity
  8
0
  6
Continuous
 62
     7
370
    25
100
AcDbLine
 10
529.0388913294
 20
-68.6359236967
 30
0.0
 11
534.0388913294
 21
-68.6359236967
 31
0.0
  0
LINE
  5
484
330
1F
100
AcDbEntity
  8
0
  6
Continuous
 62
     7
370
    25
100
AcDbLine
 10
534.0388913294
 20
-68.6359236967
 30
0.0
 11
534.0388913294
 21
-43.6359236967
 31
0.0
  0
LINE
  5
485
330
1F
100
AcDbEntity
  8
0
  6
Continuous
 62
     7
370
    25
100
AcDbLine
 10
529.0388913294
 20
-43.6359236967
 30
0.0
 11
534.0388913294
 21
-43.6359236967
 31
0.0
  0
LINE
  5
486
330
1F
100
AcDbEntity
  8
0
  6
Continuous
 62
     7
370
    25
100
AcDbLine
 10
529.0388913294
 20
79.6974096366
 30
0.0
 11
534.0388913294
 21
79.6974096366
 31
0.0
  0
LINE
  5
487
330
1F
100
AcDbEntity
  8
0
  6
Continuous
 62
     7
370
    25
100
AcDbLine
 10
529.0388913294
 20
79.6974096366
 30
0.0
 11
529.0388913294
 21
107.3014243466
 31
0.0
  0
LINE
  5
488
330
1F
100
AcDbEntity
  8
0
  6
Continuous
 62
     7
370
    25
100
AcDbLine
 10
559.0388913294
 20
18.03074297
 30
0.0
 11
564.0388913294
 21
18.03074297
 31
0.0
  0
LINE
  5
489
330
1F
100
AcDbEntity
  8
0
  6
Continuous
 62
     7
370
    25
100
AcDbLine
 10
534.0388913294
 20
54.6974096366
 30
0.0
 11
534.0388913294
 21
79.6974096366
 31
0.0
  0
LINE
  5
48A
330
1F
100
AcDbEntity
  8
0
  6
Continuous
 62
     7
370
    25
100
AcDbLine
 10
529.0388913294
 20
18.03074297
 30
0.0
 11
529.0388913294
 21
54.6974096366
 31
0.0
  0
LINE
  5
48B
330
1F
100
AcDbEntity
  8
0
  6
Continuous
 62
     7
370
    25
100
AcDbLine
 10
529.0388913294
 20
54.6974096366
 30
0.0
 11
534.0388913294
 21
54.6974096366
 31
0.0
  0
LINE
  5
48C
330
1F
100
AcDbEntity
  8
0
  6
Continuous
 62
     7
370
    25
100
AcDbLine
 10
564.0388913294
 20
79.6974096366
 30
0.0
 11
564.0388913294
 21
107.3014243466
 31
0.0
  0
LINE
  5
48D
330
1F
100
AcDbEntity
  8
0
  6
Continuous
 62
     7
370
    25
100
AcDbLine
 10
-732.7158838282
 20
100.291737365
 30
0.0
 11
-577.0990893282
 21
100.291737365
 31
0.0
  0
LINE
  5
48E
330
1F
100
AcDbEntity
  8
0
  6
Continuous
 62
     7
370
    25
100
AcDbLine
 10
-577.0990893282
 20
-254.708262635
 30
0.0
 11
-577.0990893282
 21
100.291737365
 31
0.0
  0
LINE
  5
48F
330
1F
100
AcDbEntity
  8
0
  6
Continuous
 62
     7
370
    25
100
AcDbLine
 10
-732.7158838282
 20
-254.708262635
 30
0.0
 11
-577.0990893282
 21
-254.708262635
 31
0.0
  0
LINE
  5
490
330
1F
100
AcDbEntity
  8
0
  6
Continuous
 62
     7
370
    25
100
AcDbLine
 10
-732.7158838282
 20
-254.708262635
 30
0.0
 11
-732.7158838282
 21
100.291737365
 31
0.0
  0
LINE
  5
491
330
1F
100
AcDbEntity
  8
0
  6
Continuous
 62
     7
370
    25
100
AcDbLine
 10
-579.5990893282
 20
1.541737365
 30
0.0
 11
-584.5990893282
 21
1.541737365
 31
0.0
  0
LINE
  5
492
330
1F
100
AcDbEntity
  8
0
  6
Continuous
 62
     7
370
    25
100
AcDbLine
 10
-584.5990893282
 20
-23.458262635
 30
0.0
 11
-584.5990893282
 21
1.541737365
 31
0.0
  0
LINE
  5
493
330
1F
100
AcDbEntity
  8
0
  6
Continuous
 62
     7
370
    25
100
AcDbLine
 10
-579.5990893282
 20
-23.458262635
 30
0.0
 11
-584.5990893282
 21
-23.458262635
 31
0.0
  0
LINE
  5
494
330
1F
100
AcDbEntity
  8
0
  6
Continuous
 62
     7
370
    25
100
AcDbLine
 10
-579.5990893282
 20
-23.458262635
 30
0.0
 11
-579.5990893282
 21
1.541737365
 31
0.0
  0
LINE
  5
495
330
1F
100
AcDbEntity
  8
0
  6
Continuous
 62
     7
370
    25
100
AcDbLine
 10
-579.5990893282
 20
-64.708262635
 30
0.0
 11
-584.5990893282
 21
-64.708262635
 31
0.0
  0
LINE
  5
496
330
1F
100
AcDbEntity
  8
0
  6
Continuous
 62
     7
370
    25
100
AcDbLine
 10
-584.5990893282
 20
-89.708262635
 30
0.0
 11
-584.5990893282
 21
-64.708262635
 31
0.0
  0
LINE
  5
497
330
1F
100
AcDbEntity
  8
0
  6
Continuous
 62
     7
370
    25
100
AcDbLine
 10
-579.5990893282
 20
-89.708262635
 30
0.0
 11
-584.5990893282
 21
-89.708262635
 31
0.0
  0
LINE
  5
498
330
1F
100
AcDbEntity
  8
0
  6
Continuous
 62
     7
370
    25
100
AcDbLine
 10
-579.5990893282
 20
-89.708262635
 30
0.0
 11
-579.5990893282
 21
-64.708262635
 31
0.0
  0
LINE
  5
499
330
1F
100
AcDbEntity
  8
0
  6
Continuous
 62
     7
370
    25
100
AcDbLine
 10
-579.5990893282
 20
-130.958262635
 30
0.0
 11
-584.5990893282
 21
-130.958262635
 31
0.0
  0
LINE
  5
49A
330
1F
100
AcDbEntity
  8
0
  6
Continuous
 62
     7
370
    25
100
AcDbLine
 10
-584.5990893282
 20
-155.958262635
 30
0.0
 11
-584.5990893282
 21
-130.958262635
 31
0.0
  0
LINE
  5
49B
330
1F
100
AcDbEntity
  8
0
  6
Continuous
 62
     7
370
    25
100
AcDbLine
 10
-579.5990893282
 20
-155.958262635
 30
0.0
 11
-584.5990893282
 21
-155.958262635
 31
0.0
  0
LINE
  5
49C
330
1F
100
AcDbEntity
  8
0
  6
Continuous
 62
     7
370
    25
100
AcDbLine
 10
-579.5990893282
 20
-155.958262635
 30
0.0
 11
-579.5990893282
 21
-130.958262635
 31
0.0
  0
LINE
  5
49D
330
1F
100
AcDbEntity
  8
0
  6
Continuous
 62
     7
370
    25
100
AcDbLine
 10
-579.5990893282
 20
-197.208262635
 30
0.0
 11
-584.5990893282
 21
-197.208262635
 31
0.0
  0
LINE
  5
49E
330
1F
100
AcDbEntity
  8
0
  6
Continuous
 62
     7
370
    25
100
AcDbLine
 10
-584.5990893282
 20
-222.208262635
 30
0.0
 11
-584.5990893282
 21
-197.208262635
 31
0.0
  0
LINE
  5
49F
330
1F
100
AcDbEntity
  8
0
  6
Continuous
 62
     7
370
    25
100
AcDbLine
 10
-579.5990893282
 20
-222.208262635
 30
0.0
 11
-584.5990893282
 21
-222.208262635
 31
0.0
  0
LINE
  5
4A0
330
1F
100
AcDbEntity
  8
0
  6
Continuous
 62
     7
370
    25
100
AcDbLine
 10
-579.5990893282
 20
-222.208262635
 30
0.0
 11
-579.5990893282
 21
-197.208262635
 31
0.0
  0
LINE
  5
4A1
330
1F
100
AcDbEntity
  8
0
  6
Continuous
 62
     7
370
    25
100
AcDbLine
 10
-619.5990893282
 20
-252.208262635
 30
0.0
 11
-619.5990893282
 21
-247.208262635
 31
0.0
  0
LINE
  5
4A2
330
1F
100
AcDbEntity
  8
0
  6
Continuous
 62
     7
370
    25
100
AcDbLine
 10
-644.5990893282
 20
-247.208262635
 30
0.0
 11
-619.5990893282
 21
-247.208262635
 31
0.0
  0
LINE
  5
4A3
330
1F
100
AcDbEntity
  8
0
  6
Continuous
 62
     7
370
    25
100
AcDbLine
 10
-644.5990893282
 20
-252.208262635
 30
0.0
 11
-644.5990893282
 21
-247.208262635
 31
0.0
  0
LINE
  5
4A4
330
1F
100
AcDbEntity
  8
0
  6
Continuous
 62
     7
370
    25
100
AcDbLine
 10
-644.5990893282
 20
-252.208262635
 30
0.0
 11
-619.5990893282
 21
-252.208262635
 31
0.0
  0
LINE
  5
4A5
330
1F
100
AcDbEntity
  8
0
  6
Continuous
 62
     7
370
    25
100
AcDbLine
 10
-670.2158838282
 20
-252.208262635
 30
0.0
 11
-670.2158838282
 21
-247.208262635
 31
0.0
  0
LINE
  5
4A6
330
1F
100
AcDbEntity
  8
0
  6
Continuous
 62
     7
370
    25
100
AcDbLine
 10
-695.2158838282
 20
-247.208262635
 30
0.0
 11
-670.2158838282
 21
-247.208262635
 31
0.0
  0
LINE
  5
4A7
330
1F
100
AcDbEntity
  8
0
  6
Continuous
 62
     7
370
    25
100
AcDbLine
 10
-695.2158838282
 20
-252.208262635
 30
0.0
 11
-695.2158838282
 21
-247.208262635
 31
0.0
  0
LINE
  5
4A8
330
1F
100
AcDbEntity
  8
0
  6
Continuous
 62
     7
370
    25
100
AcDbLine
 10
-695.2158838282
 20
-252.208262635
 30
0.0
 11
-670.2158838282
 21
-252.208262635
 31
0.0
  0
LINE
  5
4A9
330
1F
100
AcDbEntity
  8
0
  6
Continuous
 62
     7
370
    25
100
AcDbLine
 10
-725.2158838282
 20
-222.208262635
 30
0.0
 11
-725.2158838282
 21
-197.208262635
 31
0.0
  0
LINE
  5
4AA
330
1F
100
AcDbEntity
  8
0
  6
Continuous
 62
     7
370
    25
100
AcDbLine
 10
-725.2158838282
 20
-197.208262635
 30
0.0
 11
-730.2158838282
 21
-197.208262635
 31
0.0
  0
LINE
  5
4AB
330
1F
100
AcDbEntity
  8
0
  6
Continuous
 62
     7
370
    25
100
AcDbLine
 10
-725.2158838282
 20
-222.208262635
 30
0.0
 11
-730.2158838282
 21
-222.208262635
 31
0.0
  0
LINE
  5
4AC
330
1F
100
AcDbEntity
  8
0
  6
Continuous
 62
     7
370
    25
100
AcDbLine
 10
-725.2158838282
 20
-155.958262635
 30
0.0
 11
-725.2158838282
 21
-130.958262635
 31
0.0
  0
LINE
  5
4AD
330
1F
100
AcDbEntity
  8
0
  6
Continuous
 62
     7
370
    25
100
AcDbLine
 10
-725.2158838282
 20
-130.958262635
 30
0.0
 11
-730.2158838282
 21
-130.958262635
 31
0.0
  0
LINE
  5
4AE
330
1F
100
AcDbEntity
  8
0
  6
Continuous
 62
     7
370
    25
100
AcDbLine
 10
-730.2158838282
 20
-155.958262635
 30
0.0
 11
-730.2158838282
 21
-130.958262635
 31
0.0
  0
LINE
  5
4AF
330
1F
100
AcDbEntity
  8
0
  6
Continuous
 62
     7
370
    25
100
AcDbLine
 10
-725.2158838282
 20
-155.958262635
 30
0.0
 11
-730.2158838282
 21
-155.958262635
 31
0.0
  0
LINE
  5
4B0
330
1F
100
AcDbEntity
  8
0
  6
Continuous
 62
     7
370
    25
100
AcDbLine
 10
-725.2158838282
 20
-89.708262635
 30
0.0
 11
-725.2158838282
 21
-64.708262635
 31
0.0
  0
LINE
  5
4B1
330
1F
100
AcDbEntity
  8
0
  6
Continuous
 62
     7
370
    25
100
AcDbLine
 10
-725.2158838282
 20
-64.708262635
 30
0.0
 11
-730.2158838282
 21
-64.708262635
 31
0.0
  0
LINE
  5
4B2
330
1F
100
AcDbEntity
  8
0
  6
Continuous
 62
     7
370
    25
100
AcDbLine
 10
-730.2158838282
 20
-89.708262635
 30
0.0
 11
-730.2158838282
 21
-64.708262635
 31
0.0
  0
LINE
  5
4B3
330
1F
100
AcDbEntity
  8
0
  6
Continuous
 62
     7
370
    25
100
AcDbLine
 10
-725.2158838282
 20
-89.708262635
 30
0.0
 11
-730.2158838282
 21
-89.708262635
 31
0.0
  0
LINE
  5
4B4
330
1F
100
AcDbEntity
  8
0
  6
Continuous
 62
     7
370
    25
100
AcDbLine
 10
-725.2158838282
 20
-23.458262635
 30
0.0
 11
-725.2158838282
 21
1.541737365
 31
0.0
  0
LINE
  5
4B5
330
1F
100
AcDbEntity
  8
0
  6
Continuous
 62
     7
370
    25
100
AcDbLine
 10
-725.2158838282
 20
1.541737365
 30
0.0
 11
-730.2158838282
 21
1.541737365
 31
0.0
  0
LINE
  5
4B6
330
1F
100
AcDbEntity
  8
0
  6
Continuous
 62
     7
370
    25
100
AcDbLine
 10
-730.2158838282
 20
-23.458262635
 30
0.0
 11
-730.2158838282
 21
1.541737365
 31
0.0
  0
LINE
  5
4B7
330
1F
100
AcDbEntity
  8
0
  6
Continuous
 62
     7
370
    25
100
AcDbLine
 10
-725.2158838282
 20
-23.458262635
 30
0.0
 11
-730.2158838282
 21
-23.458262635
 31
0.0
  0
LINE
  5
4B8
330
1F
100
AcDbEntity
  8
0
  6
Continuous
 62
     7
370
    25
100
AcDbLine
 10
-725.2158838282
 20
42.791737365
 30
0.0
 11
-725.2158838282
 21
67.791737365
 31
0.0
  0
LINE
  5
4B9
330
1F
100
AcDbEntity
  8
0
  6
Continuous
 62
     7
370
    25
100
AcDbLine
 10
-725.2158838282
 20
67.791737365
 30
0.0
 11
-730.2158838282
 21
67.791737365
 31
0.0
  0
LINE
  5
4BA
330
1F
100
AcDbEntity
  8
0
  6
Continuous
 62
     7
370
    25
100
AcDbLine
 10
-730.2158838282
 20
42.791737365
 30
0.0
 11
-730.2158838282
 21
67.791737365
 31
0.0
  0
LINE
  5
4BB
330
1F
100
AcDbEntity
  8
0
  6
Continuous
 62
     7
370
    25
100
AcDbLine
 10
-725.2158838282
 20
42.791737365
 30
0.0
 11
-730.2158838282
 21
42.791737365
 31
0.0
  0
LINE
  5
4BC
330
1F
100
AcDbEntity
  8
0
  6
Continuous
 62
     7
370
    25
100
AcDbLine
 10
-695.2158838282
 20
92.791737365
 30
0.0
 11
-670.2158838282
 21
92.791737365
 31
0.0
  0
LINE
  5
4BD
330
1F
100
AcDbEntity
  8
0
  6
Continuous
 62
     7
370
    25
100
AcDbLine
 10
-670.2158838282
 20
92.791737365
 30
0.0
 11
-670.2158838282
 21
97.791737365
 31
0.0
  0
LINE
  5
4BE
330
1F
100
AcDbEntity
  8
0
  6
Continuous
 62
     7
370
    25
100
AcDbLine
 10
-695.2158838282
 20
97.791737365
 30
0.0
 11
-670.2158838282
 21
97.791737365
 31
0.0
  0
LINE
  5
4BF
330
1F
100
AcDbEntity
  8
0
  6
Continuous
 62
     7
370
    25
100
AcDbLine
 10
-695.2158838282
 20
92.791737365
 30
0.0
 11
-695.2158838282
 21
97.791737365
 31
0.0
  0
LINE
  5
4C0
330
1F
100
AcDbEntity
  8
0
  6
Continuous
 62
     7
370
    25
100
AcDbLine
 10
-644.5990893282
 20
92.791737365
 30
0.0
 11
-619.5990893282
 21
92.791737365
 31
0.0
  0
LINE
  5
4C1
330
1F
100
AcDbEntity
  8
0
  6
Continuous
 62
     7
370
    25
100
AcDbLine
 10
-619.5990893282
 20
92.791737365
 30
0.0
 11
-619.5990893282
 21
97.791737365
 31
0.0
  0
LINE
  5
4C2
330
1F
100
AcDbEntity
  8
0
  6
Continuous
 62
     7
370
    25
100
AcDbLine
 10
-644.5990893282
 20
97.791737365
 30
0.0
 11
-619.5990893282
 21
97.791737365
 31
0.0
  0
LINE
  5
4C3
330
1F
100
AcDbEntity
  8
0
  6
Continuous
 62
     7
370
    25
100
AcDbLine
 10
-644.5990893282
 20
92.791737365
 30
0.0
 11
-644.5990893282
 21
97.791737365
 31
0.0
  0
LINE
  5
4C4
330
1F
100
AcDbEntity
  8
0
  6
Continuous
 62
     7
370
    25
100
AcDbLine
 10
-584.5990893282
 20
42.791737365
 30
0.0
 11
-584.5990893282
 21
67.791737365
 31
0.0
  0
LINE
  5
4C5
330
1F
100
AcDbEntity
  8
0
  6
Continuous
 62
     7
370
    25
100
AcDbLine
 10
-579.5990893282
 20
42.791737365
 30
0.0
 11
-584.5990893282
 21
42.791737365
 31
0.0
  0
LINE
  5
4C6
330
1F
100
AcDbEntity
  8
0
  6
Continuous
 62
     7
370
    25
100
AcDbLine
 10
-579.5990893282
 20
42.791737365
 30
0.0
 11
-579.5990893282
 21
67.791737365
 31
0.0
  0
LINE
  5
4C7
330
1F
100
AcDbEntity
  8
0
  6
Continuous
 62
     7
370
    25
100
AcDbLine
 10
-579.5990893282
 20
67.791737365
 30
0.0
 11
-584.5990893282
 21
67.791737365
 31
0.0
  0
LINE
  5
4C8
330
1F
100
AcDbEntity
  8
0
  6
Continuous
 62
     7
370
    25
100
AcDbLine
 10
-730.2158838282
 20
-222.208262635
 30
0.0
 11
-730.2158838282
 21
-197.208262635
 31
0.0
  0
LINE
  5
4C9
330
1F
100
AcDbEntity
  8
0
  6
Continuous
 62
     7
370
    25
100
AcDbLine
 10
-75.5202740953
 20
-205.8307871271
 30
0.0
 11
-75.5202740953
 21
-200.8307871271
 31
0.0
  0
LINE
  5
4CA
330
1F
100
AcDbEntity
  8
0
  6
Continuous
 62
     7
370
    25
100
AcDbLine
 10
-100.5202740953
 20
-205.8307871271
 30
0.0
 11
-75.5202740953
 21
-205.8307871271
 31
0.0
  0
LINE
  5
4CB
330
1F
100
AcDbEntity
  8
0
  6
Continuous
 62
     7
370
    25
100
AcDbLine
 10
-100.5202740953
 20
-200.8307871271
 30
0.0
 11
-100.5202740953
 21
-205.8307871271
 31
0.0
  0
LINE
  5
4CC
330
1F
100
AcDbEntity
  8
0
  6
Continuous
 62
     7
370
    25
100
AcDbLine
 10
-141.7702740953
 20
-205.8307871271
 30
0.0
 11
-141.7702740953
 21
-200.8307871271
 31
0.0
  0
LINE
  5
4CD
330
1F
100
AcDbEntity
  8
0
  6
Continuous
 62
     7
370
    25
100
AcDbLine
 10
-166.7702740953
 20
-205.8307871271
 30
0.0
 11
-141.7702740953
 21
-205.8307871271
 31
0.0
  0
LINE
  5
4CE
330
1F
100
AcDbEntity
  8
0
  6
Continuous
 62
     7
370
    25
100
AcDbLine
 10
-166.7702740953
 20
-200.8307871271
 30
0.0
 11
-166.7702740953
 21
-205.8307871271
 31
0.0
  0
LINE
  5
4CF
330
1F
100
AcDbEntity
  8
0
  6
Continuous
 62
     7
370
    25
100
AcDbLine
 10
153.2297259047
 20
-120.8307871271
 30
0.0
 11
-196.7702740953
 21
-120.8307871271
 31
0.0
  0
LINE
  5
4D0
330
1F
100
AcDbEntity
  8
0
  6
Continuous
 62
     7
370
    25
100
AcDbLine
 10
-196.7702740953
 20
-185.8307871271
 30
0.0
 11
-191.7702740953
 21
-185.8307871271
 31
0.0
  0
LINE
  5
4D1
330
1F
100
AcDbEntity
  8
0
  6
Continuous
 62
     7
370
    25
100
AcDbLine
 10
-191.7702740953
 20
-185.8307871271
 30
0.0
 11
-191.7702740953
 21
-170.8307871271
 31
0.0
  0
LINE
  5
4D2
330
1F
100
AcDbEntity
  8
0
  6
Continuous
 62
     7
370
    25
100
AcDbLine
 10
-191.7702740953
 20
-170.8307871271
 30
0.0
 11
-196.7702740953
 21
-170.8307871271
 31
0.0
  0
LINE
  5
4D3
330
1F
100
AcDbEntity
  8
0
  6
Continuous
 62
     7
370
    25
100
AcDbLine
 10
148.2297259047
 20
-170.8307871271
 30
0.0
 11
148.2297259047
 21
-185.8307871271
 31
0.0
  0
LINE
  5
4D4
330
1F
100
AcDbEntity
  8
0
  6
Continuous
 62
     7
370
    25
100
AcDbLine
 10
148.2297259047
 20
-185.8307871271
 30
0.0
 11
153.2297259047
 21
-185.8307871271
 31
0.0
  0
LINE
  5
4D5
330
1F
100
AcDbEntity
  8
0
  6
Continuous
 62
     7
370
    25
100
AcDbLine
 10
153.2297259047
 20
-170.8307871271
 30
0.0
 11
148.2297259047
 21
-170.8307871271
 31
0.0
  0
LINE
  5
4D6
330
1F
100
AcDbEntity
  8
0
  6
Continuous
 62
     7
370
    25
100
AcDbLine
 10
148.2297259047
 20
-135.8307871271
 30
0.0
 11
148.2297259047
 21
-150.8307871271
 31
0.0
  0
LINE
  5
4D7
330
1F
100
AcDbEntity
  8
0
  6
Continuous
 62
     7
370
    25
100
AcDbLine
 10
148.2297259047
 20
-150.8307871271
 30
0.0
 11
153.2297259047
 21
-150.8307871271
 31
0.0
  0
LINE
  5
4D8
330
1F
100
AcDbEntity
  8
0
  6
Continuous
 62
     7
370
    25
100
AcDbLine
 10
153.2297259047
 20
-135.8307871271
 30
0.0
 11
148.2297259047
 21
-135.8307871271
 31
0.0
  0
LINE
  5
4D9
330
1F
100
AcDbEntity
  8
0
  6
Continuous
 62
     7
370
    25
100
AcDbLine
 10
-196.7702740953
 20
-150.8307871271
 30
0.0
 11
-191.7702740953
 21
-150.8307871271
 31
0.0
  0
LINE
  5
4DA
330
1F
100
AcDbEntity
  8
0
  6
Continuous
 62
     7
370
    25
100
AcDbLine
 10
-191.7702740953
 20
-150.8307871271
 30
0.0
 11
-191.7702740953
 21
-135.8307871271
 31
0.0
  0
LINE
  5
4DB
330
1F
100
AcDbEntity
  8
0
  6
Continuous
 62
     7
370
    25
100
AcDbLine
 10
-191.7702740953
 20
-135.8307871271
 30
0.0
 11
-196.7702740953
 21
-135.8307871271
 31
0.0
  0
LINE
  5
4DC
330
1F
100
AcDbEntity
  8
0
  6
Continuous
 62
     7
370
    25
100
AcDbLine
 10
98.2297259047
 20
-200.8307871271
 30
0.0
 11
98.2297259047
 21
-205.8307871271
 31
0.0
  0
LINE
  5
4DD
330
1F
100
AcDbEntity
  8
0
  6
Continuous
 62
     7
370
    25
100
AcDbLine
 10
98.2297259047
 20
-205.8307871271
 30
0.0
 11
123.2297259047
 21
-205.8307871271
 31
0.0
  0
LINE
  5
4DE
330
1F
100
AcDbEntity
  8
0
  6
Continuous
 62
     7
370
    25
100
AcDbLine
 10
123.2297259047
 20
-205.8307871271
 30
0.0
 11
123.2297259047
 21
-200.8307871271
 31
0.0
  0
LINE
  5
4DF
330
1F
100
AcDbEntity
  8
0
  6
Continuous
 62
     7
370
    25
100
AcDbLine
 10
31.9797259047
 20
-200.8307871271
 30
0.0
 11
31.9797259047
 21
-205.8307871271
 31
0.0
  0
LINE
  5
4E0
330
1F
100
AcDbEntity
  8
0
  6
Continuous
 62
     7
370
    25
100
AcDbLine
 10
31.9797259047
 20
-205.8307871271
 30
0.0
 11
56.9797259047
 21
-205.8307871271
 31
0.0
  0
LINE
  5
4E1
330
1F
100
AcDbEntity
  8
0
  6
Continuous
 62
     7
370
    25
100
AcDbLine
 10
56.9797259047
 20
-205.8307871271
 30
0.0
 11
56.9797259047
 21
-200.8307871271
 31
0.0
  0
LINE
  5
4E2
330
1F
100
AcDbEntity
  8
0
  6
Continuous
 62
     7
370
    25
100
AcDbLine
 10
-34.2702740953
 20
-200.8307871271
 30
0.0
 11
-34.2702740953
 21
-205.8307871271
 31
0.0
  0
LINE
  5
4E3
330
1F
100
AcDbEntity
  8
0
  6
Continuous
 62
     7
370
    25
100
AcDbLine
 10
-34.2702740953
 20
-205.8307871271
 30
0.0
 11
-9.2702740953
 21
-205.8307871271
 31
0.0
  0
LINE
  5
4E4
330
1F
100
AcDbEntity
  8
0
  6
Continuous
 62
     7
370
    25
100
AcDbLine
 10
-9.2702740953
 20
-205.8307871271
 30
0.0
 11
-9.2702740953
 21
-200.8307871271
 31
0.0
  0
LINE
  5
4E5
330
1F
100
AcDbEntity
  8
0
  6
Continuous
 62
     7
370
    25
100
AcDbLine
 10
56.9797259047
 20
-200.8307871271
 30
0.0
 11
98.2297259047
 21
-200.8307871271
 31
0.0
  0
LINE
  5
4E6
330
1F
100
AcDbEntity
  8
0
  6
Continuous
 62
     7
370
    25
100
AcDbLine
 10
123.2297259047
 20
-200.8307871271
 30
0.0
 11
153.2297259047
 21
-200.8307871271
 31
0.0
  0
LINE
  5
4E7
330
1F
100
AcDbEntity
  8
0
  6
Continuous
 62
     7
370
    25
100
AcDbLine
 10
153.2297259047
 20
-135.8307871271
 30
0.0
 11
153.2297259047
 21
-120.8307871271
 31
0.0
  0
LINE
  5
4E8
330
1F
100
AcDbEntity
  8
0
  6
Continuous
 62
     7
370
    25
100
AcDbLine
 10
153.2297259047
 20
-170.8307871271
 30
0.0
 11
153.2297259047
 21
-150.8307871271
 31
0.0
  0
LINE
  5
4E9
330
1F
100
AcDbEntity
  8
0
  6
Continuous
 62
     7
370
    25
100
AcDbLine
 10
-196.7702740953
 20
-120.8307871271
 30
0.0
 11
-196.7702740953
 21
-135.8307871271
 31
0.0
  0
LINE
  5
4EA
330
1F
100
AcDbEntity
  8
0
  6
Continuous
 62
     7
370
    25
100
AcDbLine
 10
-196.7702740953
 20
-150.8307871271
 30
0.0
 11
-196.7702740953
 21
-170.8307871271
 31
0.0
  0
LINE
  5
4EB
330
1F
100
AcDbEntity
  8
0
  6
Continuous
 62
     7
370
    25
100
AcDbLine
 10
-196.7702740953
 20
-200.8307871271
 30
0.0
 11
-166.7702740953
 21
-200.8307871271
 31
0.0
  0
LINE
  5
4EC
330
1F
100
AcDbEntity
  8
0
  6
Continuous
 62
     7
370
    25
100
AcDbLine
 10
-9.2702740953
 20
-200.8307871271
 30
0.0
 11
31.9797259047
 21
-200.8307871271
 31
0.0
  0
LINE
  5
4ED
330
1F
100
AcDbEntity
  8
0
  6
Continuous
 62
     7
370
    25
100
AcDbLine
 10
-196.7702740953
 20
-185.8307871271
 30
0.0
 11
-196.7702740953
 21
-200.8307871271
 31
0.0
  0
LINE
  5
4EE
330
1F
100
AcDbEntity
  8
0
  6
Continuous
 62
     7
370
    25
100
AcDbLine
 10
153.2297259047
 20
-200.8307871271
 30
0.0
 11
153.2297259047
 21
-185.8307871271
 31
0.0
  0
LINE
  5
4EF
330
1F
100
AcDbEntity
  8
0
  6
Continuous
 62
     7
370
    25
100
AcDbLine
 10
-141.7702740953
 20
-200.8307871271
 30
0.0
 11
-100.5202740953
 21
-200.8307871271
 31
0.0
  0
LINE
  5
4F0
330
1F
100
AcDbEntity
  8
0
  6
Continuous
 62
     7
370
    25
100
AcDbLine
 10
-75.5202740953
 20
-200.8307871271
 30
0.0
 11
-34.2702740953
 21
-200.8307871271
 31
0.0
  0
LINE
  5
4F1
330
1F
100
AcDbEntity
  8
0
  6
Continuous
 62
     7
370
    25
100
AcDbLine
 10
-194.20382587
 20
-237.9977711962
 30
0.0
 11
-194.20382587
 21
-227.9977711962
 31
0.0
  0
LINE
  5
4F2
330
1F
100
AcDbEntity
  8
0
  6
Continuous
 62
     7
370
    25
100
AcDbLine
 10
-194.20382587
 20
-227.9977711962
 30
0.0
 11
-189.20382587
 21
-227.9977711962
 31
0.0
  0
LINE
  5
4F3
330
1F
100
AcDbEntity
  8
0
  6
Continuous
 62
     7
370
    25
100
AcDbLine
 10
-189.20382587
 20
-227.9977711962
 30
0.0
 11
-189.20382587
 21
-222.9977711962
 31
0.0
  0
LINE
  5
4F4
330
1F
100
AcDbEntity
  8
0
  6
Continuous
 62
     7
370
    25
100
AcDbLine
 10
-189.20382587
 20
-222.9977711962
 30
0.0
 11
-194.20382587
 21
-222.9977711962
 31
0.0
  0
LINE
  5
4F5
330
1F
100
AcDbEntity
  8
0
  6
Continuous
 62
     7
370
    25
100
AcDbLine
 10
-194.20382587
 20
-222.9977711962
 30
0.0
 11
-194.20382587
 21
-217.9977711962
 31
0.0
  0
LINE
  5
4F6
330
1F
100
AcDbEntity
  8
0
  6
Continuous
 62
     7
370
    25
100
AcDbLine
 10
-164.20382587
 20
-212.9977711962
 30
0.0
 11
-164.20382587
 21
-217.9977711962
 31
0.0
  0
LINE
  5
4F7
330
1F
100
AcDbEntity
  8
0
  6
Continuous
 62
     7
370
    25
100
AcDbLine
 10
-139.20382587
 20
-212.9977711962
 30
0.0
 11
-164.20382587
 21
-212.9977711962
 31
0.0
  0
LINE
  5
4F8
330
1F
100
AcDbEntity
  8
0
  6
Continuous
 62
     7
370
    25
100
AcDbLine
 10
-139.20382587
 20
-217.9977711962
 30
0.0
 11
-139.20382587
 21
-212.9977711962
 31
0.0
  0
LINE
  5
4F9
330
1F
100
AcDbEntity
  8
0
  6
Continuous
 62
     7
370
    25
100
AcDbLine
 10
-139.20382587
 20
-217.9977711962
 30
0.0
 11
-97.95382587
 21
-217.9977711962
 31
0.0
  0
LINE
  5
4FA
330
1F
100
AcDbEntity
  8
0
  6
Continuous
 62
     7
370
    25
100
AcDbLine
 10
-97.95382587
 20
-212.9977711962
 30
0.0
 11
-97.95382587
 21
-217.9977711962
 31
0.0
  0
LINE
  5
4FB
330
1F
100
AcDbEntity
  8
0
  6
Continuous
 62
     7
370
    25
100
AcDbLine
 10
-72.95382587
 20
-212.9977711962
 30
0.0
 11
-97.95382587
 21
-212.9977711962
 31
0.0
  0
LINE
  5
4FC
330
1F
100
AcDbEntity
  8
0
  6
Continuous
 62
     7
370
    25
100
AcDbLine
 10
-72.95382587
 20
-217.9977711962
 30
0.0
 11
-72.95382587
 21
-212.9977711962
 31
0.0
  0
LINE
  5
4FD
330
1F
100
AcDbEntity
  8
0
  6
Continuous
 62
     7
370
    25
100
AcDbLine
 10
-72.95382587
 20
-217.9977711962
 30
0.0
 11
-31.70382587
 21
-217.9977711962
 31
0.0
  0
LINE
  5
4FE
330
1F
100
AcDbEntity
  8
0
  6
Continuous
 62
     7
370
    25
100
AcDbLine
 10
-31.70382587
 20
-212.9977711962
 30
0.0
 11
-31.70382587
 21
-217.9977711962
 31
0.0
  0
LINE
  5
4FF
330
1F
100
AcDbEntity
  8
0
  6
Continuous
 62
     7
370
    25
100
AcDbLine
 10
-6.70382587
 20
-212.9977711962
 30
0.0
 11
-31.70382587
 21
-212.9977711962
 31
0.0
  0
LINE
  5
500
330
1F
100
AcDbEntity
  8
0
  6
Continuous
 62
     7
370
    25
100
AcDbLine
 10
-6.70382587
 20
-217.9977711962
 30
0.0
 11
-6.70382587
 21
-212.9977711962
 31
0.0
  0
LINE
  5
501
330
1F
100
AcDbEntity
  8
0
  6
Continuous
 62
     7
370
    25
100
AcDbLine
 10
-6.70382587
 20
-217.9977711962
 30
0.0
 11
34.54617413
 21
-217.9977711962
 31
0.0
  0
LINE
  5
502
330
1F
100
AcDbEntity
  8
0
  6
Continuous
 62
     7
370
    25
100
AcDbLine
 10
34.54617413
 20
-212.9977711962
 30
0.0
 11
34.54617413
 21
-217.9977711962
 31
0.0
  0
LINE
  5
503
330
1F
100
AcDbEntity
  8
0
  6
Continuous
 62
     7
370
    25
100
AcDbLine
 10
59.54617413
 20
-212.9977711962
 30
0.0
 11
34.54617413
 21
-212.9977711962
 31
0.0
  0
LINE
  5
504
330
1F
100
AcDbEntity
  8
0
  6
Continuous
 62
     7
370
    25
100
AcDbLine
 10
59.54617413
 20
-217.9977711962
 30
0.0
 11
59.54617413
 21
-212.9977711962
 31
0.0
  0
LINE
  5
505
330
1F
100
AcDbEntity
  8
0
  6
Continuous
 62
     7
370
    25
100
AcDbLine
 10
59.54617413
 20
-217.9977711962
 30
0.0
 11
100.79617413
 21
-217.9977711962
 31
0.0
  0
LINE
  5
506
330
1F
100
AcDbEntity
  8
0
  6
Continuous
 62
     7
370
    25
100
AcDbLine
 10
100.79617413
 20
-212.9977711962
 30
0.0
 11
100.79617413
 21
-217.9977711962
 31
0.0
  0
LINE
  5
507
330
1F
100
AcDbEntity
  8
0
  6
Continuous
 62
     7
370
    25
100
AcDbLine
 10
125.79617413
 20
-212.9977711962
 30
0.0
 11
100.79617413
 21
-212.9977711962
 31
0.0
  0
LINE
  5
508
330
1F
100
AcDbEntity
  8
0
  6
Continuous
 62
     7
370
    25
100
AcDbLine
 10
125.79617413
 20
-217.9977711962
 30
0.0
 11
125.79617413
 21
-212.9977711962
 31
0.0
  0
LINE
  5
509
330
1F
100
AcDbEntity
  8
0
  6
Continuous
 62
     7
370
    25
100
AcDbLine
 10
125.79617413
 20
-217.9977711962
 30
0.0
 11
155.79617413
 21
-217.9977711962
 31
0.0
  0
LINE
  5
50A
330
1F
100
AcDbEntity
  8
0
  6
Continuous
 62
     7
370
    25
100
AcDbLine
 10
155.79617413
 20
-222.9977711962
 30
0.0
 11
155.79617413
 21
-217.9977711962
 31
0.0
  0
LINE
  5
50B
330
1F
100
AcDbEntity
  8
0
  6
Continuous
 62
     7
370
    25
100
AcDbLine
 10
155.79617413
 20
-222.9977711962
 30
0.0
 11
150.79617413
 21
-222.9977711962
 31
0.0
  0
LINE
  5
50C
330
1F
100
AcDbEntity
  8
0
  6
Continuous
 62
     7
370
    25
100
AcDbLine
 10
150.79617413
 20
-227.9977711962
 30
0.0
 11
155.79617413
 21
-227.9977711962
 31
0.0
  0
LINE
  5
50D
330
1F
100
AcDbEntity
  8
0
  6
Continuous
 62
     7
370
    25
100
AcDbLine
 10
155.79617413
 20
-237.9977711962
 30
0.0
 11
155.79617413
 21
-227.9977711962
 31
0.0
  0
LINE
  5
50E
330
1F
100
AcDbEntity
  8
0
  6
Continuous
 62
     7
370
    25
100
AcDbLine
 10
-194.20382587
 20
-247.9977711962
 30
0.0
 11
-194.20382587
 21
-242.9977711962
 31
0.0
  0
LINE
  5
50F
330
1F
100
AcDbEntity
  8
0
  6
Continuous
 62
     7
370
    25
100
AcDbLine
 10
-194.20382587
 20
-217.9977711962
 30
0.0
 11
-164.20382587
 21
-217.9977711962
 31
0.0
  0
LINE
  5
510
330
1F
100
AcDbEntity
  8
0
  6
Continuous
 62
     7
370
    25
100
AcDbLine
 10
155.79617413
 20
-247.9977711962
 30
0.0
 11
155.79617413
 21
-242.9977711962
 31
0.0
  0
LINE
  5
511
330
1F
100
AcDbEntity
  8
0
  6
Continuous
 62
     7
370
    25
100
AcDbLine
 10
-194.20382587
 20
-247.9977711962
 30
0.0
 11
155.79617413
 21
-247.9977711962
 31
0.0
  0
LINE
  5
512
330
1F
100
AcDbEntity
  8
0
  6
Continuous
 62
     7
370
    25
100
AcDbLine
 10
-189.20382587
 20
-237.9977711962
 30
0.0
 11
-194.20382587
 21
-237.9977711962
 31
0.0
  0
LINE
  5
513
330
1F
100
AcDbEntity
  8
0
  6
Continuous
 62
     7
370
    25
100
AcDbLine
 10
150.79617413
 20
-237.9977711962
 30
0.0
 11
150.79617413
 21
-242.9977711962
 31
0.0
  0
LINE
  5
514
330
1F
100
AcDbEntity
  8
0
  6
Continuous
 62
     7
370
    25
100
AcDbLine
 10
150.79617413
 20
-242.9977711962
 30
0.0
 11
155.79617413
 21
-242.9977711962
 31
0.0
  0
LINE
  5
515
330
1F
100
AcDbEntity
  8
0
  6
Continuous
 62
     7
370
    25
100
AcDbLine
 10
155.79617413
 20
-237.9977711962
 30
0.0
 11
150.79617413
 21
-237.9977711962
 31
0.0
  0
LINE
  5
516
330
1F
100
AcDbEntity
  8
0
  6
Continuous
 62
     7
370
    25
100
AcDbLine
 10
150.79617413
 20
-222.9977711962
 30
0.0
 11
150.79617413
 21
-227.9977711962
 31
0.0
  0
LINE
  5
517
330
1F
100
AcDbEntity
  8
0
  6
Continuous
 62
     7
370
    25
100
AcDbLine
 10
-194.20382587
 20
-242.9977711962
 30
0.0
 11
-189.20382587
 21
-242.9977711962
 31
0.0
  0
LINE
  5
518
330
1F
100
AcDbEntity
  8
0
  6
Continuous
 62
     7
370
    25
100
AcDbLine
 10
-189.20382587
 20
-242.9977711962
 30
0.0
 11
-189.20382587
 21
-237.9977711962
 31
0.0
  0
LINE
  5
519
330
1F
100
AcDbEntity
  8
0
  6
Continuous
 62
     7
370
    25
100
AcDbLine
 10
-524.8431652006
 20
112.61332819
 30
0.0
 11
-524.8431652006
 21
107.61332819
 31
0.0
  0
LINE
  5
51A
330
1F
100
AcDbEntity
  8
0
  6
Continuous
 62
     7
370
    25
100
AcDbLine
 10
-326.0931652006
 20
-244.36765445
 30
0.0
 11
-301.0931652006
 21
-244.36765445
 31
0.0
  0
LINE
  5
51B
330
1F
100
AcDbEntity
  8
0
  6
Continuous
 62
     7
370
    25
100
AcDbLine
 10
-326.0931652006
 20
-239.36765445
 30
0.0
 11
-326.0931652006
 21
-244.36765445
 31
0.0
  0
LINE
  5
51C
330
1F
100
AcDbEntity
  8
0
  6
Continuous
 62
     7
370
    25
100
AcDbLine
 10
-367.3431652006
 20
-239.36765445
 30
0.0
 11
-326.0931652006
 21
-239.36765445
 31
0.0
  0
LINE
  5
51D
330
1F
100
AcDbEntity
  8
0
  6
Continuous
 62
     7
370
    25
100
AcDbLine
 10
-367.3431652006
 20
-239.36765445
 30
0.0
 11
-367.3431652006
 21
-244.36765445
 31
0.0
  0
LINE
  5
51E
330
1F
100
AcDbEntity
  8
0
  6
Continuous
 62
     7
370
    25
100
AcDbLine
 10
-392.3431652006
 20
-244.36765445
 30
0.0
 11
-367.3431652006
 21
-244.36765445
 31
0.0
  0
LINE
  5
51F
330
1F
100
AcDbEntity
  8
0
  6
Continuous
 62
     7
370
    25
100
AcDbLine
 10
-392.3431652006
 20
-239.36765445
 30
0.0
 11
-392.3431652006
 21
-244.36765445
 31
0.0
  0
LINE
  5
520
330
1F
100
AcDbEntity
  8
0
  6
Continuous
 62
     7
370
    25
100
AcDbLine
 10
-433.5931652006
 20
-239.36765445
 30
0.0
 11
-392.3431652006
 21
-239.36765445
 31
0.0
  0
LINE
  5
521
330
1F
100
AcDbEntity
  8
0
  6
Continuous
 62
     7
370
    25
100
AcDbLine
 10
-433.5931652006
 20
-239.36765445
 30
0.0
 11
-433.5931652006
 21
-244.36765445
 31
0.0
  0
LINE
  5
522
330
1F
100
AcDbEntity
  8
0
  6
Continuous
 62
     7
370
    25
100
AcDbLine
 10
-458.5931652006
 20
-244.36765445
 30
0.0
 11
-433.5931652006
 21
-244.36765445
 31
0.0
  0
LINE
  5
523
330
1F
100
AcDbEntity
  8
0
  6
Continuous
 62
     7
370
    25
100
AcDbLine
 10
-458.5931652006
 20
-239.36765445
 30
0.0
 11
-458.5931652006
 21
-244.36765445
 31
0.0
  0
LINE
  5
524
330
1F
100
AcDbEntity
  8
0
  6
Continuous
 62
     7
370
    25
100
AcDbLine
 10
-499.8431652006
 20
-239.36765445
 30
0.0
 11
-458.5931652006
 21
-239.36765445
 31
0.0
  0
LINE
  5
525
330
1F
100
AcDbEntity
  8
0
  6
Continuous
 62
     7
370
    25
100
AcDbLine
 10
-499.8431652006
 20
-239.36765445
 30
0.0
 11
-499.8431652006
 21
-244.36765445
 31
0.0
  0
LINE
  5
526
330
1F
100
AcDbEntity
  8
0
  6
Continuous
 62
     7
370
    25
100
AcDbLine
 10
-524.8431652006
 20
-244.36765445
 30
0.0
 11
-499.8431652006
 21
-244.36765445
 31
0.0
  0
LINE
  5
527
330
1F
100
AcDbEntity
  8
0
  6
Continuous
 62
     7
370
    25
100
AcDbLine
 10
-554.8431652006
 20
-239.36765445
 30
0.0
 11
-524.8431652006
 21
-239.36765445
 31
0.0
  0
LINE
  5
528
330
1F
100
AcDbEntity
  8
0
  6
Continuous
 62
     7
370
    25
100
AcDbLine
 10
-554.8431652006
 20
-239.36765445
 30
0.0
 11
-554.8431652006
 21
-209.36765445
 31
0.0
  0
LINE
  5
529
330
1F
100
AcDbEntity
  8
0
  6
Continuous
 62
     7
370
    25
100
AcDbLine
 10
-554.8431652006
 20
-209.36765445
 30
0.0
 11
-549.8431652006
 21
-209.36765445
 31
0.0
  0
LINE
  5
52A
330
1F
100
AcDbEntity
  8
0
  6
Continuous
 62
     7
370
    25
100
AcDbLine
 10
-549.8431652006
 20
-209.36765445
 30
0.0
 11
-549.8431652006
 21
-184.36765445
 31
0.0
  0
LINE
  5
52B
330
1F
100
AcDbEntity
  8
0
  6
Continuous
 62
     7
370
    25
100
AcDbLine
 10
-554.8431652006
 20
-184.36765445
 30
0.0
 11
-549.8431652006
 21
-184.36765445
 31
0.0
  0
LINE
  5
52C
330
1F
100
AcDbEntity
  8
0
  6
Continuous
 62
     7
370
    25
100
AcDbLine
 10
-554.8431652006
 20
-184.36765445
 30
0.0
 11
-554.8431652006
 21
-143.87240879
 31
0.0
  0
LINE
  5
52D
330
1F
100
AcDbEntity
  8
0
  6
Continuous
 62
     7
370
    25
100
AcDbLine
 10
-554.8431652006
 20
-143.87240879
 30
0.0
 11
-549.8431652006
 21
-143.87240879
 31
0.0
  0
LINE
  5
52E
330
1F
100
AcDbEntity
  8
0
  6
Continuous
 62
     7
370
    25
100
AcDbLine
 10
-554.8431652006
 20
-118.87240879
 30
0.0
 11
-549.8431652006
 21
-118.87240879
 31
0.0
  0
LINE
  5
52F
330
1F
100
AcDbEntity
  8
0
  6
Continuous
 62
     7
370
    25
100
AcDbLine
 10
-554.8431652006
 20
-118.87240879
 30
0.0
 11
-554.8431652006
 21
-78.37716313
 31
0.0
  0
LINE
  5
530
330
1F
100
AcDbEntity
  8
0
  6
Continuous
 62
     7
370
    25
100
AcDbLine
 10
-554.8431652006
 20
-78.37716313
 30
0.0
 11
-549.8431652006
 21
-78.37716313
 31
0.0
  0
LINE
  5
531
330
1F
100
AcDbEntity
  8
0
  6
Continuous
 62
     7
370
    25
100
AcDbLine
 10
-549.8431652006
 20
-78.37716313
 30
0.0
 11
-549.8431652006
 21
-53.37716313
 31
0.0
  0
LINE
  5
532
330
1F
100
AcDbEntity
  8
0
  6
Continuous
 62
     7
370
    25
100
AcDbLine
 10
-554.8431652006
 20
-53.37716313
 30
0.0
 11
-549.8431652006
 21
-53.37716313
 31
0.0
  0
LINE
  5
533
330
1F
100
AcDbEntity
  8
0
  6
Continuous
 62
     7
370
    25
100
AcDbLine
 10
-554.8431652006
 20
-53.37716313
 30
0.0
 11
-554.8431652006
 21
-12.88191747
 31
0.0
  0
LINE
  5
534
330
1F
100
AcDbEntity
  8
0
  6
Continuous
 62
     7
370
    25
100
AcDbLine
 10
-554.8431652006
 20
-12.88191747
 30
0.0
 11
-549.8431652006
 21
-12.88191747
 31
0.0
  0
LINE
  5
535
330
1F
100
AcDbEntity
  8
0
  6
Continuous
 62
     7
370
    25
100
AcDbLine
 10
-549.8431652006
 20
-12.88191747
 30
0.0
 11
-549.8431652006
 21
12.11808253
 31
0.0
  0
LINE
  5
536
330
1F
100
AcDbEntity
  8
0
  6
Continuous
 62
     7
370
    25
100
AcDbLine
 10
-554.8431652006
 20
12.11808253
 30
0.0
 11
-549.8431652006
 21
12.11808253
 31
0.0
  0
LINE
  5
537
330
1F
100
AcDbEntity
  8
0
  6
Continuous
 62
     7
370
    25
100
AcDbLine
 10
-524.8431652006
 20
-239.36765445
 30
0.0
 11
-524.8431652006
 21
-244.36765445
 31
0.0
  0
LINE
  5
538
330
1F
100
AcDbEntity
  8
0
  6
Continuous
 62
     7
370
    25
100
AcDbLine
 10
-554.8431652006
 20
12.11808253
 30
0.0
 11
-554.8431652006
 21
52.61332819
 31
0.0
  0
LINE
  5
539
330
1F
100
AcDbEntity
  8
0
  6
Continuous
 62
     7
370
    25
100
AcDbLine
 10
-554.8431652006
 20
52.61332819
 30
0.0
 11
-549.8431652006
 21
52.61332819
 31
0.0
  0
LINE
  5
53A
330
1F
100
AcDbEntity
  8
0
  6
Continuous
 62
     7
370
    25
100
AcDbLine
 10
-549.8431652006
 20
52.61332819
 30
0.0
 11
-549.8431652006
 21
77.61332819
 31
0.0
  0
LINE
  5
53B
330
1F
100
AcDbEntity
  8
0
  6
Continuous
 62
     7
370
    25
100
AcDbLine
 10
-554.8431652006
 20
77.61332819
 30
0.0
 11
-549.8431652006
 21
77.61332819
 31
0.0
  0
LINE
  5
53C
330
1F
100
AcDbEntity
  8
0
  6
Continuous
 62
     7
370
    25
100
AcDbLine
 10
-554.8431652006
 20
77.61332819
 30
0.0
 11
-554.8431652006
 21
107.61332819
 31
0.0
  0
LINE
  5
53D
330
1F
100
AcDbEntity
  8
0
  6
Continuous
 62
     7
370
    25
100
AcDbLine
 10
-554.8431652006
 20
107.61332819
 30
0.0
 11
-524.8431652006
 21
107.61332819
 31
0.0
  0
LINE
  5
53E
330
1F
100
AcDbEntity
  8
0
  6
Continuous
 62
     7
370
    25
100
AcDbLine
 10
-499.8431652006
 20
107.61332819
 30
0.0
 11
-458.5931652006
 21
107.61332819
 31
0.0
  0
LINE
  5
53F
330
1F
100
AcDbEntity
  8
0
  6
Continuous
 62
     7
370
    25
100
AcDbLine
 10
-458.5931652006
 20
112.61332819
 30
0.0
 11
-458.5931652006
 21
107.61332819
 31
0.0
  0
LINE
  5
540
330
1F
100
AcDbEntity
  8
0
  6
Continuous
 62
     7
370
    25
100
AcDbLine
 10
-458.5931652006
 20
112.61332819
 30
0.0
 11
-433.5931652006
 21
112.61332819
 31
0.0
  0
LINE
  5
541
330
1F
100
AcDbEntity
  8
0
  6
Continuous
 62
     7
370
    25
100
AcDbLine
 10
-433.5931652006
 20
112.61332819
 30
0.0
 11
-433.5931652006
 21
107.61332819
 31
0.0
  0
LINE
  5
542
330
1F
100
AcDbEntity
  8
0
  6
Continuous
 62
     7
370
    25
100
AcDbLine
 10
-433.5931652006
 20
107.61332819
 30
0.0
 11
-392.3431652006
 21
107.61332819
 31
0.0
  0
LINE
  5
543
330
1F
100
AcDbEntity
  8
0
  6
Continuous
 62
     7
370
    25
100
AcDbLine
 10
-392.3431652006
 20
112.61332819
 30
0.0
 11
-392.3431652006
 21
107.61332819
 31
0.0
  0
LINE
  5
544
330
1F
100
AcDbEntity
  8
0
  6
Continuous
 62
     7
370
    25
100
AcDbLine
 10
-392.3431652006
 20
112.61332819
 30
0.0
 11
-367.3431652006
 21
112.61332819
 31
0.0
  0
LINE
  5
545
330
1F
100
AcDbEntity
  8
0
  6
Continuous
 62
     7
370
    25
100
AcDbLine
 10
-367.3431652006
 20
112.61332819
 30
0.0
 11
-367.3431652006
 21
107.61332819
 31
0.0
  0
LINE
  5
546
330
1F
100
AcDbEntity
  8
0
  6
Continuous
 62
     7
370
    25
100
AcDbLine
 10
-367.3431652006
 20
107.61332819
 30
0.0
 11
-326.0931652006
 21
107.61332819
 31
0.0
  0
LINE
  5
547
330
1F
100
AcDbEntity
  8
0
  6
Continuous
 62
     7
370
    25
100
AcDbLine
 10
-326.0931652006
 20
112.61332819
 30
0.0
 11
-326.0931652006
 21
107.61332819
 31
0.0
  0
LINE
  5
548
330
1F
100
AcDbEntity
  8
0
  6
Continuous
 62
     7
370
    25
100
AcDbLine
 10
-326.0931652006
 20
112.61332819
 30
0.0
 11
-301.0931652006
 21
112.61332819
 31
0.0
  0
LINE
  5
549
330
1F
100
AcDbEntity
  8
0
  6
Continuous
 62
     7
370
    25
100
AcDbLine
 10
-301.0931652006
 20
112.61332819
 30
0.0
 11
-301.0931652006
 21
107.61332819
 31
0.0
  0
LINE
  5
54A
330
1F
100
AcDbEntity
  8
0
  6
Continuous
 62
     7
370
    25
100
AcDbLine
 10
-301.0931652006
 20
107.61332819
 30
0.0
 11
-259.8431652006
 21
107.61332819
 31
0.0
  0
LINE
  5
54B
330
1F
100
AcDbEntity
  8
0
  6
Continuous
 62
     7
370
    25
100
AcDbLine
 10
-259.8431652006
 20
112.61332819
 30
0.0
 11
-259.8431652006
 21
107.61332819
 31
0.0
  0
LINE
  5
54C
330
1F
100
AcDbEntity
  8
0
  6
Continuous
 62
     7
370
    25
100
AcDbLine
 10
-259.8431652006
 20
112.61332819
 30
0.0
 11
-234.8431652006
 21
112.61332819
 31
0.0
  0
LINE
  5
54D
330
1F
100
AcDbEntity
  8
0
  6
Continuous
 62
     7
370
    25
100
AcDbLine
 10
-234.8431652006
 20
112.61332819
 30
0.0
 11
-234.8431652006
 21
107.61332819
 31
0.0
  0
LINE
  5
54E
330
1F
100
AcDbEntity
  8
0
  6
Continuous
 62
     7
370
    25
100
AcDbLine
 10
-234.8431652006
 20
107.61332819
 30
0.0
 11
-204.8431652006
 21
107.61332819
 31
0.0
  0
LINE
  5
54F
330
1F
100
AcDbEntity
  8
0
  6
Continuous
 62
     7
370
    25
100
AcDbLine
 10
-524.8431652006
 20
112.61332819
 30
0.0
 11
-499.8431652006
 21
112.61332819
 31
0.0
  0
LINE
  5
550
330
1F
100
AcDbEntity
  8
0
  6
Continuous
 62
     7
370
    25
100
AcDbLine
 10
-499.8431652006
 20
112.61332819
 30
0.0
 11
-499.8431652006
 21
107.61332819
 31
0.0
  0
LINE
  5
551
330
1F
100
AcDbEntity
  8
0
  6
Continuous
 62
     7
370
    25
100
AcDbLine
 10
-209.8431652006
 20
52.61332819
 30
0.0
 11
-209.8431652006
 21
77.61332819
 31
0.0
  0
LINE
  5
552
330
1F
100
AcDbEntity
  8
0
  6
Continuous
 62
     7
370
    25
100
AcDbLine
 10
-209.8431652006
 20
52.61332819
 30
0.0
 11
-204.8431652006
 21
52.61332819
 31
0.0
  0
LINE
  5
553
330
1F
100
AcDbEntity
  8
0
  6
Continuous
 62
     7
370
    25
100
AcDbLine
 10
-204.8431652006
 20
52.61332819
 30
0.0
 11
-204.8431652006
 21
12.11808253
 31
0.0
  0
LINE
  5
554
330
1F
100
AcDbEntity
  8
0
  6
Continuous
 62
     7
370
    25
100
AcDbLine
 10
-209.8431652006
 20
12.11808253
 30
0.0
 11
-204.8431652006
 21
12.11808253
 31
0.0
  0
LINE
  5
555
330
1F
100
AcDbEntity
  8
0
  6
Continuous
 62
     7
370
    25
100
AcDbLine
 10
-209.8431652006
 20
-12.88191747
 30
0.0
 11
-209.8431652006
 21
12.11808253
 31
0.0
  0
LINE
  5
556
330
1F
100
AcDbEntity
  8
0
  6
Continuous
 62
     7
370
    25
100
AcDbLine
 10
-209.8431652006
 20
-12.88191747
 30
0.0
 11
-204.8431652006
 21
-12.88191747
 31
0.0
  0
LINE
  5
557
330
1F
100
AcDbEntity
  8
0
  6
Continuous
 62
     7
370
    25
100
AcDbLine
 10
-204.8431652006
 20
-12.88191747
 30
0.0
 11
-204.8431652006
 21
-53.37716313
 31
0.0
  0
LINE
  5
558
330
1F
100
AcDbEntity
  8
0
  6
Continuous
 62
     7
370
    25
100
AcDbLine
 10
-209.8431652006
 20
-53.37716313
 30
0.0
 11
-204.8431652006
 21
-53.37716313
 31
0.0
  0
LINE
  5
559
330
1F
100
AcDbEntity
  8
0
  6
Continuous
 62
     7
370
    25
100
AcDbLine
 10
-209.8431652006
 20
-78.37716313
 30
0.0
 11
-209.8431652006
 21
-53.37716313
 31
0.0
  0
LINE
  5
55A
330
1F
100
AcDbEntity
  8
0
  6
Continuous
 62
     7
370
    25
100
AcDbLine
 10
-209.8431652006
 20
-78.37716313
 30
0.0
 11
-204.8431652006
 21
-78.37716313
 31
0.0
  0
LINE
  5
55B
330
1F
100
AcDbEntity
  8
0
  6
Continuous
 62
     7
370
    25
100
AcDbLine
 10
-204.8431652006
 20
-78.37716313
 30
0.0
 11
-204.8431652006
 21
-118.87240879
 31
0.0
  0
LINE
  5
55C
330
1F
100
AcDbEntity
  8
0
  6
Continuous
 62
     7
370
    25
100
AcDbLine
 10
-209.8431652006
 20
-118.87240879
 30
0.0
 11
-204.8431652006
 21
-118.87240879
 31
0.0
  0
LINE
  5
55D
330
1F
100
AcDbEntity
  8
0
  6
Continuous
 62
     7
370
    25
100
AcDbLine
 10
-209.8431652006
 20
-143.87240879
 30
0.0
 11
-209.8431652006
 21
-118.87240879
 31
0.0
  0
LINE
  5
55E
330
1F
100
AcDbEntity
  8
0
  6
Continuous
 62
     7
370
    25
100
AcDbLine
 10
-209.8431652006
 20
-143.87240879
 30
0.0
 11
-204.8431652006
 21
-143.87240879
 31
0.0
  0
LINE
  5
55F
330
1F
100
AcDbEntity
  8
0
  6
Continuous
 62
     7
370
    25
100
AcDbLine
 10
-204.8431652006
 20
-143.87240879
 30
0.0
 11
-204.8431652006
 21
-184.36765445
 31
0.0
  0
LINE
  5
560
330
1F
100
AcDbEntity
  8
0
  6
Continuous
 62
     7
370
    25
100
AcDbLine
 10
-209.8431652006
 20
-184.36765445
 30
0.0
 11
-204.8431652006
 21
-184.36765445
 31
0.0
  0
LINE
  5
561
330
1F
100
AcDbEntity
  8
0
  6
Continuous
 62
     7
370
    25
100
AcDbLine
 10
-209.8431652006
 20
-209.36765445
 30
0.0
 11
-209.8431652006
 21
-184.36765445
 31
0.0
  0
LINE
  5
562
330
1F
100
AcDbEntity
  8
0
  6
Continuous
 62
     7
370
    25
100
AcDbLine
 10
-209.8431652006
 20
-209.36765445
 30
0.0
 11
-204.8431652006
 21
-209.36765445
 31
0.0
  0
LINE
  5
563
330
1F
100
AcDbEntity
  8
0
  6
Continuous
 62
     7
370
    25
100
AcDbLine
 10
-204.8431652006
 20
-209.36765445
 30
0.0
 11
-204.8431652006
 21
-239.36765445
 31
0.0
  0
LINE
  5
564
330
1F
100
AcDbEntity
  8
0
  6
Continuous
 62
     7
370
    25
100
AcDbLine
 10
-234.8431652006
 20
-239.36765445
 30
0.0
 11
-204.8431652006
 21
-239.36765445
 31
0.0
  0
LINE
  5
565
330
1F
100
AcDbEntity
  8
0
  6
Continuous
 62
     7
370
    25
100
AcDbLine
 10
-234.8431652006
 20
-239.36765445
 30
0.0
 11
-234.8431652006
 21
-244.36765445
 31
0.0
  0
LINE
  5
566
330
1F
100
AcDbEntity
  8
0
  6
Continuous
 62
     7
370
    25
100
AcDbLine
 10
-259.8431652006
 20
-244.36765445
 30
0.0
 11
-234.8431652006
 21
-244.36765445
 31
0.0
  0
LINE
  5
567
330
1F
100
AcDbEntity
  8
0
  6
Continuous
 62
     7
370
    25
100
AcDbLine
 10
-259.8431652006
 20
-239.36765445
 30
0.0
 11
-259.8431652006
 21
-244.36765445
 31
0.0
  0
LINE
  5
568
330
1F
100
AcDbEntity
  8
0
  6
Continuous
 62
     7
370
    25
100
AcDbLine
 10
-301.0931652006
 20
-239.36765445
 30
0.0
 11
-259.8431652006
 21
-239.36765445
 31
0.0
  0
LINE
  5
569
330
1F
100
AcDbEntity
  8
0
  6
Continuous
 62
     7
370
    25
100
AcDbLine
 10
-301.0931652006
 20
-239.36765445
 30
0.0
 11
-301.0931652006
 21
-244.36765445
 31
0.0
  0
LINE
  5
56A
330
1F
100
AcDbEntity
  8
0
  6
Continuous
 62
     7
370
    25
100
AcDbLine
 10
-549.8431652006
 20
-143.87240879
 30
0.0
 11
-549.8431652006
 21
-118.87240879
 31
0.0
  0
LINE
  5
56B
330
1F
100
AcDbEntity
  8
0
  6
Continuous
 62
     7
370
    25
100
AcDbLine
 10
-204.8431652006
 20
107.61332819
 30
0.0
 11
-204.8431652006
 21
77.61332819
 31
0.0
  0
LINE
  5
56C
330
1F
100
AcDbEntity
  8
0
  6
Continuous
 62
     7
370
    25
100
AcDbLine
 10
-209.8431652006
 20
77.61332819
 30
0.0
 11
-204.8431652006
 21
77.61332819
 31
0.0
  0
LINE
  5
56D
330
1F
100
AcDbEntity
  8
0
  6
Continuous
 62
     7
370
    25
100
AcDbLine
 10
248.3844237412
 20
-555.1022923827
 30
0.0
 11
213.3844237412
 21
-555.1022923827
 31
0.0
  0
LINE
  5
56E
330
1F
100
AcDbEntity
  8
0
  6
Continuous
 62
     7
370
    25
100
AcDbLine
 10
213.3844237412
 20
-545.1022923827
 30
0.0
 11
248.3844237412
 21
-545.1022923827
 31
0.0
  0
LINE
  5
56F
330
1F
100
AcDbEntity
  8
0
  6
Continuous
 62
     7
370
    25
100
AcDbLine
 10
213.3844237412
 20
-525.1022923827
 30
0.0
 11
213.3844237412
 21
-545.1022923827
 31
0.0
  0
LINE
  5
570
330
1F
100
AcDbEntity
  8
0
  6
Continuous
 62
     7
370
    25
100
AcDbLine
 10
248.3844237412
 20
-525.1022923827
 30
0.0
 11
213.3844237412
 21
-525.1022923827
 31
0.0
  0
LINE
  5
571
330
1F
100
AcDbEntity
  8
0
  6
Continuous
 62
     7
370
    25
100
AcDbLine
 10
213.3844237412
 20
-515.1022923827
 30
0.0
 11
248.3844237412
 21
-515.1022923827
 31
0.0
  0
LINE
  5
572
330
1F
100
AcDbEntity
  8
0
  6
Continuous
 62
     7
370
    25
100
AcDbLine
 10
213.3844237412
 20
-495.1022923827
 30
0.0
 11
213.3844237412
 21
-515.1022923827
 31
0.0
  0
LINE
  5
573
330
1F
100
AcDbEntity
  8
0
  6
Continuous
 62
     7
370
    25
100
AcDbLine
 10
248.3844237412
 20
-495.1022923827
 30
0.0
 11
213.3844237412
 21
-495.1022923827
 31
0.0
  0
LINE
  5
574
330
1F
100
AcDbEntity
  8
0
  6
Continuous
 62
     7
370
    25
100
AcDbLine
 10
563.3844237412
 20
-495.1022923827
 30
0.0
 11
528.3844237412
 21
-495.1022923827
 31
0.0
  0
LINE
  5
575
330
1F
100
AcDbEntity
  8
0
  6
Continuous
 62
     7
370
    25
100
AcDbLine
 10
563.3844237412
 20
-515.1022923827
 30
0.0
 11
563.3844237412
 21
-495.1022923827
 31
0.0
  0
LINE
  5
576
330
1F
100
AcDbEntity
  8
0
  6
Continuous
 62
     7
370
    25
100
AcDbLine
 10
528.3844237412
 20
-515.1022923827
 30
0.0
 11
563.3844237412
 21
-515.1022923827
 31
0.0
  0
LINE
  5
577
330
1F
100
AcDbEntity
  8
0
  6
Continuous
 62
     7
370
    25
100
AcDbLine
 10
563.3844237412
 20
-525.1022923827
 30
0.0
 11
528.3844237412
 21
-525.1022923827
 31
0.0
  0
LINE
  5
578
330
1F
100
AcDbEntity
  8
0
  6
Continuous
 62
     7
370
    25
100
AcDbLine
 10
563.3844237412
 20
-555.1022923827
 30
0.0
 11
528.3844237412
 21
-555.1022923827
 31
0.0
  0
LINE
  5
579
330
1F
100
AcDbEntity
  8
0
  6
Continuous
 62
     7
370
    25
100
AcDbLine
 10
563.3844237412
 20
-575.1022923827
 30
0.0
 11
563.3844237412
 21
-555.1022923827
 31
0.0
  0
LINE
  5
57A
330
1F
100
AcDbEntity
  8
0
  6
Continuous
 62
     7
370
    25
100
AcDbLine
 10
528.3844237412
 20
-575.1022923827
 30
0.0
 11
563.3844237412
 21
-575.1022923827
 31
0.0
  0
LINE
  5
57B
330
1F
100
AcDbEntity
  8
0
  6
Continuous
 62
     7
370
    25
100
AcDbLine
 10
528.3844237412
 20
-475.1022923827
 30
0.0
 11
248.3844237412
 21
-475.1022923827
 31
0.0
  0
LINE
  5
57C
330
1F
100
AcDbEntity
  8
0
  6
Continuous
 62
     7
370
    25
100
AcDbLine
 10
528.3844237412
 20
-595.1022923827
 30
0.0
 11
528.3844237412
 21
-575.1022923827
 31
0.0
  0
LINE
  5
57D
330
1F
100
AcDbEntity
  8
0
  6
Continuous
 62
     7
370
    25
100
AcDbLine
 10
248.3844237412
 20
-595.1022923827
 30
0.0
 11
528.3844237412
 21
-595.1022923827
 31
0.0
  0
LINE
  5
57E
330
1F
100
AcDbEntity
  8
0
  6
Continuous
 62
     7
370
    25
100
AcDbLine
 10
248.3844237412
 20
-475.1022923827
 30
0.0
 11
248.3844237412
 21
-495.1022923827
 31
0.0
  0
LINE
  5
57F
330
1F
100
AcDbEntity
  8
0
  6
Continuous
 62
     7
370
    25
100
AcDbLine
 10
528.3844237412
 20
-545.1022923827
 30
0.0
 11
563.3844237412
 21
-545.1022923827
 31
0.0
  0
LINE
  5
580
330
1F
100
AcDbEntity
  8
0
  6
Continuous
 62
     7
370
    25
100
AcDbLine
 10
563.3844237412
 20
-545.1022923827
 30
0.0
 11
563.3844237412
 21
-525.1022923827
 31
0.0
  0
LINE
  5
581
330
1F
100
AcDbEntity
  8
0
  6
Continuous
 62
     7
370
    25
100
AcDbLine
 10
528.3844237412
 20
-555.1022923827
 30
0.0
 11
528.3844237412
 21
-545.1022923827
 31
0.0
  0
LINE
  5
582
330
1F
100
AcDbEntity
  8
0
  6
Continuous
 62
     7
370
    25
100
AcDbLine
 10
248.3844237412
 20
-515.1022923827
 30
0.0
 11
248.3844237412
 21
-525.1022923827
 31
0.0
  0
LINE
  5
583
330
1F
100
AcDbEntity
  8
0
  6
Continuous
 62
     7
370
    25
100
AcDbLine
 10
248.3844237412
 20
-545.1022923827
 30
0.0
 11
248.3844237412
 21
-555.1022923827
 31
0.0
  0
LINE
  5
584
330
1F
100
AcDbEntity
  8
0
  6
Continuous
 62
     7
370
    25
100
AcDbLine
 10
213.3844237412
 20
-575.1022923827
 30
0.0
 11
248.3844237412
 21
-575.1022923827
 31
0.0
  0
LINE
  5
585
330
1F
100
AcDbEntity
  8
0
  6
Continuous
 62
     7
370
    25
100
AcDbLine
 10
528.3844237412
 20
-495.1022923827
 30
0.0
 11
528.3844237412
 21
-475.1022923827
 31
0.0
  0
LINE
  5
586
330
1F
100
AcDbEntity
  8
0
  6
Continuous
 62
     7
370
    25
100
AcDbLine
 10
213.3844237412
 20
-555.1022923827
 30
0.0
 11
213.3844237412
 21
-575.1022923827
 31
0.0
  0
LINE
  5
587
330
1F
100
AcDbEntity
  8
0
  6
Continuous
 62
     7
370
    25
100
AcDbLine
 10
248.3844237412
 20
-575.1022923827
 30
0.0
 11
248.3844237412
 21
-595.1022923827
 31
0.0
  0
LINE
  5
588
330
1F
100
AcDbEntity
  8
0
  6
Continuous
 62
     7
370
    25
100
AcDbLine
 10
528.3844237412
 20
-525.1022923827
 30
0.0
 11
528.3844237412
 21
-515.1022923827
 31
0.0
  0
LINE
  5
589
330
1F
100
AcDbEntity
  8
0
  6
Continuous
 62
     7
370
    25
100
AcDbLine
 10
162.4002753098
 20
-493.1502480516
 30
0.0
 11
161.5320344215
 21
-498.0742868167
 31
0.0
  0
LINE
  5
58A
330
1F
100
AcDbEntity
  8
0
  6
Continuous
 62
     7
370
    25
100
AcDbLine
 10
161.5320344215
 20
-498.0742868167
 30
0.0
 11
181.2281894817
 21
-501.54725037
 31
0.0
  0
LINE
  5
58B
330
1F
100
AcDbEntity
  8
0
  6
Continuous
 62
     7
370
    25
100
AcDbLine
 10
181.2281894817
 20
-501.54725037
 30
0.0
 11
182.09643037
 21
-496.623211605
 31
0.0
  0
LINE
  5
58C
330
1F
100
AcDbEntity
  8
0
  6
Continuous
 62
     7
370
    25
100
AcDbLine
 10
107.3676080058
 20
-488.523637045
 30
0.0
 11
127.063763066
 21
-491.9966005983
 31
0.0
  0
LINE
  5
58D
330
1F
100
AcDbEntity
  8
0
  6
Continuous
 62
     7
370
    25
100
AcDbLine
 10
127.063763066
 20
-491.9966005983
 30
0.0
 11
127.9320039544
 21
-487.0725618333
 31
0.0
  0
LINE
  5
58E
330
1F
100
AcDbEntity
  8
0
  6
Continuous
 62
     7
370
    25
100
AcDbLine
 10
108.2358488941
 20
-483.5995982799
 30
0.0
 11
107.3676080058
 21
-488.523637045
 31
0.0
  0
LINE
  5
58F
330
1F
100
AcDbEntity
  8
0
  6
Continuous
 62
     7
370
    25
100
AcDbLine
 10
53.2031815901
 20
-478.9729872733
 30
0.0
 11
72.8993366504
 21
-482.4459508267
 31
0.0
  0
LINE
  5
590
330
1F
100
AcDbEntity
  8
0
  6
Continuous
 62
     7
370
    25
100
AcDbLine
 10
72.8993366504
 20
-482.4459508267
 30
0.0
 11
73.7675775387
 21
-477.5219120616
 31
0.0
  0
LINE
  5
591
330
1F
100
AcDbEntity
  8
0
  6
Continuous
 62
     7
370
    25
100
AcDbLine
 10
54.0714224785
 20
-474.0489485083
 30
0.0
 11
53.2031815901
 21
-478.9729872733
 31
0.0
  0
LINE
  5
592
330
1F
100
AcDbEntity
  8
0
  6
Continuous
 62
     7
370
    25
100
AcDbLine
 10
14.4921612494
 20
-443.2270661596
 30
0.0
 11
19.1906243534
 21
-441.516965443
 31
0.0
  0
LINE
  5
593
330
1F
100
AcDbEntity
  8
0
  6
Continuous
 62
     7
370
    25
100
AcDbLine
 10
-51.7699276531
 20
-275.7924951348
 30
0.0
 11
-42.3730014452
 21
-272.3722937016
 31
0.0
  0
LINE
  5
594
330
1F
100
AcDbEntity
  8
0
  6
Continuous
 62
     7
370
    25
100
AcDbLine
 10
206.7166241953
 20
-500.9644160466
 30
0.0
 11
206.7166241953
 21
-511.1186821655
 31
0.0
  0
LINE
  5
595
330
1F
100
AcDbEntity
  8
0
  6
Continuous
 62
     7
370
    25
100
AcDbLine
 10
206.7166241953
 20
-511.1186821655
 30
0.0
 11
29.4512286531
 21
-479.8620101855
 31
0.0
  0
LINE
  5
596
330
1F
100
AcDbEntity
  8
0
  6
Continuous
 62
     7
370
    25
100
AcDbLine
 10
29.4512286531
 20
-479.8620101855
 30
0.0
 11
29.4512286531
 21
-469.7077440666
 31
0.0
  0
LINE
  5
597
330
1F
100
AcDbEntity
  8
0
  6
Continuous
 62
     7
370
    25
100
AcDbLine
 10
29.4512286531
 20
-469.7077440666
 30
0.0
 11
20.0543024453
 21
-473.1279454998
 31
0.0
  0
LINE
  5
598
330
1F
100
AcDbEntity
  8
0
  6
Continuous
 62
     7
370
    25
100
AcDbLine
 10
20.0543024453
 20
-473.1279454998
 30
0.0
 11
16.634101012
 21
-463.731019292
 31
0.0
  0
LINE
  5
599
330
1F
100
AcDbEntity
  8
0
  6
Continuous
 62
     7
370
    25
100
AcDbLine
 10
-2.4708613983
 20
-269.5760069355
 30
0.0
 11
-22.4219314218
 21
-270.9741503185
 31
0.0
  0
LINE
  5
59A
330
1F
100
AcDbEntity
  8
0
  6
Continuous
 62
     7
370
    25
100
AcDbLine
 10
108.2358488941
 20
-483.5995982799
 30
0.0
 11
127.9320039544
 21
-487.0725618333
 31
0.0
  0
LINE
  5
59B
330
1F
100
AcDbEntity
  8
0
  6
Continuous
 62
     7
370
    25
100
AcDbLine
 10
54.0714224785
 20
-474.0489485083
 30
0.0
 11
73.7675775387
 21
-477.5219120616
 31
0.0
  0
LINE
  5
59C
330
1F
100
AcDbEntity
  8
0
  6
Continuous
 62
     7
370
    25
100
AcDbLine
 10
162.4002753098
 20
-493.1502480516
 30
0.0
 11
182.09643037
 21
-496.623211605
 31
0.0
  0
LINE
  5
59D
330
1F
100
AcDbEntity
  8
0
  6
Continuous
 62
     7
370
    25
100
AcDbLine
 10
-2.4706513906
 20
-382.0030994599
 30
0.0
 11
4.3697514759
 21
-400.7969518756
 31
0.0
  0
LINE
  5
59E
330
1F
100
AcDbEntity
  8
0
  6
Continuous
 62
     7
370
    25
100
AcDbLine
 10
-17.291524268
 20
-341.2830858925
 30
0.0
 11
-10.4511214015
 21
-360.0769383082
 31
0.0
  0
LINE
  5
59F
330
1F
100
AcDbEntity
  8
0
  6
Continuous
 62
     7
370
    25
100
AcDbLine
 10
-32.1123971455
 20
-300.5630723251
 30
0.0
 11
-25.271994279
 21
-319.3569247408
 31
0.0
  0
LINE
  5
5A0
330
1F
100
AcDbEntity
  8
0
  6
Continuous
 62
     7
370
    25
100
AcDbLine
 10
12.3502214869
 20
-422.7231130273
 30
0.0
 11
19.1906243534
 21
-441.516965443
 31
0.0
  0
LINE
  5
5A1
330
1F
100
AcDbEntity
  8
0
  6
Continuous
 62
     7
370
    25
100
AcDbLine
 10
27.4557436368
 20
-267.4787918609
 30
0.0
 11
7.5046736134
 21
-268.876935244
 31
0.0
  0
LINE
  5
5A2
330
1F
100
AcDbEntity
  8
0
  6
Continuous
 62
     7
370
    25
100
AcDbLine
 10
57.382348672
 20
-265.3815767864
 30
0.0
 11
37.4312786485
 21
-266.7797201694
 31
0.0
  0
LINE
  5
5A3
330
1F
100
AcDbEntity
  8
0
  6
Continuous
 62
     7
370
    25
100
AcDbLine
 10
77.9448819848
 20
-266.3794186904
 30
0.0
 11
91.1726446067
 21
-290.6076651016
 31
0.0
  0
LINE
  5
5A4
330
1F
100
AcDbEntity
  8
0
  6
Continuous
 62
     7
370
    25
100
AcDbLine
 10
-42.3643737116
 20
-301.6340422064
 30
0.0
 11
-44.0744744283
 21
-296.9355791025
 31
0.0
  0
LINE
  5
5A5
330
1F
100
AcDbEntity
  8
0
  6
Continuous
 62
     7
370
    25
100
AcDbLine
 10
-44.9295247866
 20
-294.5863475505
 30
0.0
 11
-51.7699276531
 21
-275.7924951348
 31
0.0
  0
LINE
  5
5A6
330
1F
100
AcDbEntity
  8
0
  6
Continuous
 62
     7
370
    25
100
AcDbLine
 10
12.3588492205
 20
-451.9848615322
 30
0.0
 11
10.6487485038
 21
-447.2863984282
 31
0.0
  0
LINE
  5
5A7
330
1F
100
AcDbEntity
  8
0
  6
Continuous
 62
     7
370
    25
100
AcDbLine
 10
7.6517583829
 20
-424.4332137439
 30
0.0
 11
14.4921612494
 21
-443.2270661596
 31
0.0
  0
LINE
  5
5A8
330
1F
100
AcDbEntity
  8
0
  6
Continuous
 62
     7
370
    25
100
AcDbLine
 10
12.3502214869
 20
-422.7231130273
 30
0.0
 11
7.6517583829
 21
-424.4332137439
 31
0.0
  0
LINE
  5
5A9
330
1F
100
AcDbEntity
  8
0
  6
Continuous
 62
     7
370
    25
100
AcDbLine
 10
154.6621517359
 20
-396.4622521331
 30
0.0
 11
150.2736150203
 21
-398.8582374201
 31
0.0
  0
LINE
  5
5AA
330
1F
100
AcDbEntity
  8
0
  6
Continuous
 62
     7
370
    25
100
AcDbLine
 10
162.2535414555
 20
-420.8009209982
 30
0.0
 11
166.6420781711
 21
-418.4049357111
 31
0.0
  0
LINE
  5
5AB
330
1F
100
AcDbEntity
  8
0
  6
Continuous
 62
     7
370
    25
100
AcDbLine
 10
191.8040266622
 20
-474.9262071574
 30
0.0
 11
196.1925633778
 21
-472.5302218704
 31
0.0
  0
LINE
  5
5AC
330
1F
100
AcDbEntity
  8
0
  6
Continuous
 62
     7
370
    25
100
AcDbLine
 10
184.2126369427
 20
-450.5875382923
 30
0.0
 11
179.8241002271
 21
-452.9835235794
 31
0.0
  0
LINE
  5
5AD
330
1F
100
AcDbEntity
  8
0
  6
Continuous
 62
     7
370
    25
100
AcDbLine
 10
37.0817428028
 20
-261.7919526636
 30
0.0
 11
57.0328128262
 21
-260.3938092805
 31
0.0
  0
LINE
  5
5AE
330
1F
100
AcDbEntity
  8
0
  6
Continuous
 62
     7
370
    25
100
AcDbLine
 10
57.0328128262
 20
-260.3938092805
 30
0.0
 11
57.382348672
 21
-265.3815767864
 31
0.0
  0
LINE
  5
5AF
330
1F
100
AcDbEntity
  8
0
  6
Continuous
 62
     7
370
    25
100
AcDbLine
 10
77.3334186954
 20
-263.9834334034
 30
0.0
 11
77.3334186954
 21
-253.9589084147
 31
0.0
  0
LINE
  5
5B0
330
1F
100
AcDbEntity
  8
0
  6
Continuous
 62
     7
370
    25
100
AcDbLine
 10
-42.3730014452
 20
-262.3477687129
 30
0.0
 11
77.3334186954
 21
-253.9589084147
 31
0.0
  0
LINE
  5
5B1
330
1F
100
AcDbEntity
  8
0
  6
Continuous
 62
     7
370
    25
100
AcDbLine
 10
-42.3730014452
 20
-272.3722937016
 30
0.0
 11
-42.3730014452
 21
-262.3477687129
 31
0.0
  0
LINE
  5
5B2
330
1F
100
AcDbEntity
  8
0
  6
Continuous
 62
     7
370
    25
100
AcDbLine
 10
-22.4219314218
 20
-270.9741503185
 30
0.0
 11
-22.7714672676
 21
-265.9863828127
 31
0.0
  0
LINE
  5
5B3
330
1F
100
AcDbEntity
  8
0
  6
Continuous
 62
     7
370
    25
100
AcDbLine
 10
-22.7714672676
 20
-265.9863828127
 30
0.0
 11
-2.8203972441
 21
-264.5882394296
 31
0.0
  0
LINE
  5
5B4
330
1F
100
AcDbEntity
  8
0
  6
Continuous
 62
     7
370
    25
100
AcDbLine
 10
-2.8203972441
 20
-264.5882394296
 30
0.0
 11
-2.4708613983
 21
-269.5760069355
 31
0.0
  0
LINE
  5
5B5
330
1F
100
AcDbEntity
  8
0
  6
Continuous
 62
     7
370
    25
100
AcDbLine
 10
7.5046736134
 20
-268.876935244
 30
0.0
 11
7.1551377676
 21
-263.8891677381
 31
0.0
  0
LINE
  5
5B6
330
1F
100
AcDbEntity
  8
0
  6
Continuous
 62
     7
370
    25
100
AcDbLine
 10
7.1551377676
 20
-263.8891677381
 30
0.0
 11
27.1062077911
 21
-262.4910243551
 31
0.0
  0
LINE
  5
5B7
330
1F
100
AcDbEntity
  8
0
  6
Continuous
 62
     7
370
    25
100
AcDbLine
 10
27.1062077911
 20
-262.4910243551
 30
0.0
 11
27.4557436368
 21
-267.4787918609
 31
0.0
  0
LINE
  5
5B8
330
1F
100
AcDbEntity
  8
0
  6
Continuous
 62
     7
370
    25
100
AcDbLine
 10
37.4312786485
 20
-266.7797201694
 30
0.0
 11
37.0817428028
 21
-261.7919526636
 31
0.0
  0
LINE
  5
5B9
330
1F
100
AcDbEntity
  8
0
  6
Continuous
 62
     7
370
    25
100
AcDbLine
 10
-0.328711628
 20
-402.5070525923
 30
0.0
 11
4.3697514759
 21
-400.7969518756
 31
0.0
  0
LINE
  5
5BA
330
1F
100
AcDbEntity
  8
0
  6
Continuous
 62
     7
370
    25
100
AcDbLine
 10
-7.1691144945
 20
-383.7132001765
 30
0.0
 11
-0.328711628
 21
-402.5070525923
 31
0.0
  0
LINE
  5
5BB
330
1F
100
AcDbEntity
  8
0
  6
Continuous
 62
     7
370
    25
100
AcDbLine
 10
-2.4706513906
 20
-382.0030994599
 30
0.0
 11
-7.1691144945
 21
-383.7132001765
 31
0.0
  0
LINE
  5
5BC
330
1F
100
AcDbEntity
  8
0
  6
Continuous
 62
     7
370
    25
100
AcDbLine
 10
-15.1495845054
 20
-361.7870390249
 30
0.0
 11
-10.4511214015
 21
-360.0769383082
 31
0.0
  0
LINE
  5
5BD
330
1F
100
AcDbEntity
  8
0
  6
Continuous
 62
     7
370
    25
100
AcDbLine
 10
-21.989987372
 20
-342.9931866091
 30
0.0
 11
-15.1495845054
 21
-361.7870390249
 31
0.0
  0
LINE
  5
5BE
330
1F
100
AcDbEntity
  8
0
  6
Continuous
 62
     7
370
    25
100
AcDbLine
 10
-17.291524268
 20
-341.2830858925
 30
0.0
 11
-21.989987372
 21
-342.9931866091
 31
0.0
  0
LINE
  5
5BF
330
1F
100
AcDbEntity
  8
0
  6
Continuous
 62
     7
370
    25
100
AcDbLine
 10
-29.9704573829
 20
-321.0670254575
 30
0.0
 11
-25.271994279
 21
-319.3569247408
 31
0.0
  0
LINE
  5
5C0
330
1F
100
AcDbEntity
  8
0
  6
Continuous
 62
     7
370
    25
100
AcDbLine
 10
-36.8108602494
 20
-302.2731730418
 30
0.0
 11
-29.9704573829
 21
-321.0670254575
 31
0.0
  0
LINE
  5
5C1
330
1F
100
AcDbEntity
  8
0
  6
Continuous
 62
     7
370
    25
100
AcDbLine
 10
-32.1123971455
 20
-300.5630723251
 30
0.0
 11
-36.8108602494
 21
-302.2731730418
 31
0.0
  0
LINE
  5
5C2
330
1F
100
AcDbEntity
  8
0
  6
Continuous
 62
     7
370
    25
100
AcDbLine
 10
125.1116665291
 20
-342.3369659738
 30
0.0
 11
137.0915929643
 21
-364.2796495519
 31
0.0
  0
LINE
  5
5C3
330
1F
100
AcDbEntity
  8
0
  6
Continuous
 62
     7
370
    25
100
AcDbLine
 10
95.5611813224
 20
-288.2116798145
 30
0.0
 11
107.5411077575
 21
-310.1543633926
 31
0.0
  0
LINE
  5
5C4
330
1F
100
AcDbEntity
  8
0
  6
Continuous
 62
     7
370
    25
100
AcDbLine
 10
95.5611813224
 20
-288.2116798145
 30
0.0
 11
91.1726446067
 21
-290.6076651016
 31
0.0
  0
LINE
  5
5C5
330
1F
100
AcDbEntity
  8
0
  6
Continuous
 62
     7
370
    25
100
AcDbLine
 10
103.1525710419
 20
-312.5503486796
 30
0.0
 11
107.5411077575
 21
-310.1543633926
 31
0.0
  0
LINE
  5
5C6
330
1F
100
AcDbEntity
  8
0
  6
Continuous
 62
     7
370
    25
100
AcDbLine
 10
2.9619230126
 20
-455.4050629654
 30
0.0
 11
1.251822296
 21
-450.7065998615
 31
0.0
  0
LINE
  5
5C7
330
1F
100
AcDbEntity
  8
0
  6
Continuous
 62
     7
370
    25
100
AcDbLine
 10
-8.7859452151
 20
-405.5852338822
 30
0.0
 11
-12.2061466483
 21
-396.1883076743
 31
0.0
  0
LINE
  5
5C8
330
1F
100
AcDbEntity
  8
0
  6
Continuous
 62
     7
370
    25
100
AcDbLine
 10
-27.0270195258
 20
-355.4682941069
 30
0.0
 11
-30.447220959
 21
-346.0713678991
 31
0.0
  0
LINE
  5
5C9
330
1F
100
AcDbEntity
  8
0
  6
Continuous
 62
     7
370
    25
100
AcDbLine
 10
-13.484408319
 20
-407.2953345988
 30
0.0
 11
-8.7859452151
 21
-405.5852338822
 31
0.0
  0
LINE
  5
5CA
330
1F
100
AcDbEntity
  8
0
  6
Continuous
 62
     7
370
    25
100
AcDbLine
 10
-16.9046097523
 20
-397.898408391
 30
0.0
 11
-13.484408319
 21
-407.2953345988
 31
0.0
  0
LINE
  5
5CB
330
1F
100
AcDbEntity
  8
0
  6
Continuous
 62
     7
370
    25
100
AcDbLine
 10
-12.2061466483
 20
-396.1883076743
 30
0.0
 11
-16.9046097523
 21
-397.898408391
 31
0.0
  0
LINE
  5
5CC
330
1F
100
AcDbEntity
  8
0
  6
Continuous
 62
     7
370
    25
100
AcDbLine
 10
-31.7254826297
 20
-357.1783948236
 30
0.0
 11
-27.0270195258
 21
-355.4682941069
 31
0.0
  0
LINE
  5
5CD
330
1F
100
AcDbEntity
  8
0
  6
Continuous
 62
     7
370
    25
100
AcDbLine
 10
-35.145684063
 20
-347.7814686157
 30
0.0
 11
-31.7254826297
 21
-357.1783948236
 31
0.0
  0
LINE
  5
5CE
330
1F
100
AcDbEntity
  8
0
  6
Continuous
 62
     7
370
    25
100
AcDbLine
 10
-30.447220959
 20
-346.0713678991
 30
0.0
 11
-35.145684063
 21
-347.7814686157
 31
0.0
  0
LINE
  5
5CF
330
1F
100
AcDbEntity
  8
0
  6
Continuous
 62
     7
370
    25
100
AcDbLine
 10
1.251822296
 20
-450.7065998615
 30
0.0
 11
10.6487485038
 21
-447.2863984282
 31
0.0
  0
LINE
  5
5D0
330
1F
100
AcDbEntity
  8
0
  6
Continuous
 62
     7
370
    25
100
AcDbLine
 10
-42.3643737116
 20
-301.6340422064
 30
0.0
 11
-51.7612999195
 21
-305.0542436397
 31
0.0
  0
LINE
  5
5D1
330
1F
100
AcDbEntity
  8
0
  6
Continuous
 62
     7
370
    25
100
AcDbLine
 10
-51.7612999195
 20
-305.0542436397
 30
0.0
 11
-53.4714006361
 21
-300.3557805357
 31
0.0
  0
LINE
  5
5D2
330
1F
100
AcDbEntity
  8
0
  6
Continuous
 62
     7
370
    25
100
AcDbLine
 10
-53.4714006361
 20
-300.3557805357
 30
0.0
 11
-44.0744744283
 21
-296.9355791025
 31
0.0
  0
LINE
  5
5D3
330
1F
100
AcDbEntity
  8
0
  6
Continuous
 62
     7
370
    25
100
AcDbLine
 10
-44.9295247866
 20
-294.5863475505
 30
0.0
 11
-59.0249140984
 21
-299.7166497004
 31
0.0
  0
LINE
  5
5D4
330
1F
100
AcDbEntity
  8
0
  6
Continuous
 62
     7
370
    25
100
AcDbLine
 10
-59.0249140984
 20
-299.7166497004
 30
0.0
 11
2.5387117002
 21
-468.8613214419
 31
0.0
  0
LINE
  5
5D5
330
1F
100
AcDbEntity
  8
0
  6
Continuous
 62
     7
370
    25
100
AcDbLine
 10
2.5387117002
 20
-468.8613214419
 30
0.0
 11
16.634101012
 21
-463.731019292
 31
0.0
  0
LINE
  5
5D6
330
1F
100
AcDbEntity
  8
0
  6
Continuous
 62
     7
370
    25
100
AcDbLine
 10
12.3588492205
 20
-451.9848615322
 30
0.0
 11
2.9619230126
 21
-455.4050629654
 31
0.0
  0
LINE
  5
5D7
330
1F
100
AcDbEntity
  8
0
  6
Continuous
 62
     7
370
    25
100
AcDbLine
 10
82.3334187004
 20
-263.9834334034
 30
0.0
 11
77.9448819848
 21
-266.3794186904
 31
0.0
  0
LINE
  5
5D8
330
1F
100
AcDbEntity
  8
0
  6
Continuous
 62
     7
370
    25
100
AcDbLine
 10
77.3334186954
 20
-263.9834334034
 30
0.0
 11
82.3334187004
 21
-263.9834334034
 31
0.0
  0
LINE
  5
5D9
330
1F
100
AcDbEntity
  8
0
  6
Continuous
 62
     7
370
    25
100
AcDbLine
 10
162.2535414555
 20
-420.8009209982
 30
0.0
 11
179.8241002271
 21
-452.9835235794
 31
0.0
  0
LINE
  5
5DA
330
1F
100
AcDbEntity
  8
0
  6
Continuous
 62
     7
370
    25
100
AcDbLine
 10
132.7030562487
 20
-366.6756348389
 30
0.0
 11
150.2736150203
 21
-398.8582374201
 31
0.0
  0
LINE
  5
5DB
330
1F
100
AcDbEntity
  8
0
  6
Continuous
 62
     7
370
    25
100
AcDbLine
 10
103.1525710419
 20
-312.5503486796
 30
0.0
 11
120.7231298135
 21
-344.7329512608
 31
0.0
  0
LINE
  5
5DC
330
1F
100
AcDbEntity
  8
0
  6
Continuous
 62
     7
370
    25
100
AcDbLine
 10
191.8040266622
 20
-474.9262071574
 30
0.0
 11
206.1799383844
 21
-501.2574274511
 31
0.0
  0
LINE
  5
5DD
330
1F
100
AcDbEntity
  8
0
  6
Continuous
 62
     7
370
    25
100
AcDbLine
 10
206.1799383844
 20
-501.2574274511
 30
0.0
 11
206.7166241953
 21
-500.9644160466
 31
0.0
  0
LINE
  5
5DE
330
1F
100
AcDbEntity
  8
0
  6
Continuous
 62
     7
370
    25
100
AcDbLine
 10
184.2126369427
 20
-450.5875382923
 30
0.0
 11
196.1925633778
 21
-472.5302218704
 31
0.0
  0
LINE
  5
5DF
330
1F
100
AcDbEntity
  8
0
  6
Continuous
 62
     7
370
    25
100
AcDbLine
 10
154.6621517359
 20
-396.4622521331
 30
0.0
 11
166.6420781711
 21
-418.4049357111
 31
0.0
  0
LINE
  5
5E0
330
1F
100
AcDbEntity
  8
0
  6
Continuous
 62
     7
370
    25
100
AcDbLine
 10
125.1116665291
 20
-342.3369659738
 30
0.0
 11
120.7231298135
 21
-344.7329512608
 31
0.0
  0
LINE
  5
5E1
330
1F
100
AcDbEntity
  8
0
  6
Continuous
 62
     7
370
    25
100
AcDbLine
 10
132.7030562487
 20
-366.6756348389
 30
0.0
 11
137.0915929643
 21
-364.2796495519
 31
0.0
  0
LINE
  5
5E2
330
1F
100
AcDbEntity
  8
0
  6
Continuous
 62
     7
370
    25
100
AcDbLine
 10
-508.9467550823
 20
-357.6583200549
 30
0.0
 11
-506.4733074274
 21
-347.9690447106
 31
0.0
  0
LINE
  5
5E3
330
1F
100
AcDbEntity
  8
0
  6
Continuous
 62
     7
370
    25
100
AcDbLine
 10
-504.1021174102
 20
-358.8950438824
 30
0.0
 11
-508.9467550823
 21
-357.6583200549
 31
0.0
  0
LINE
  5
5E4
330
1F
100
AcDbEntity
  8
0
  6
Continuous
 62
     7
370
    25
100
AcDbLine
 10
-501.6286697552
 20
-349.2057685381
 30
0.0
 11
-504.1021174102
 21
-358.8950438824
 31
0.0
  0
LINE
  5
5E5
330
1F
100
AcDbEntity
  8
0
  6
Continuous
 62
     7
370
    25
100
AcDbLine
 10
-506.4733074274
 20
-347.9690447106
 30
0.0
 11
-501.6286697552
 21
-349.2057685381
 31
0.0
  0
LINE
  5
5E6
330
1F
100
AcDbEntity
  8
0
  6
Continuous
 62
     7
370
    25
100
AcDbLine
 10
-522.1384759088
 20
-409.3344552247
 30
0.0
 11
-519.6650282539
 21
-399.6451798803
 31
0.0
  0
LINE
  5
5E7
330
1F
100
AcDbEntity
  8
0
  6
Continuous
 62
     7
370
    25
100
AcDbLine
 10
-517.2938382367
 20
-410.5711790522
 30
0.0
 11
-522.1384759088
 21
-409.3344552247
 31
0.0
  0
LINE
  5
5E8
330
1F
100
AcDbEntity
  8
0
  6
Continuous
 62
     7
370
    25
100
AcDbLine
 10
-514.8203905817
 20
-400.8819037078
 30
0.0
 11
-517.2938382367
 21
-410.5711790522
 31
0.0
  0
LINE
  5
5E9
330
1F
100
AcDbEntity
  8
0
  6
Continuous
 62
     7
370
    25
100
AcDbLine
 10
-519.6650282539
 20
-399.6451798803
 30
0.0
 11
-514.8203905817
 21
-400.8819037078
 31
0.0
  0
LINE
  5
5EA
330
1F
100
AcDbEntity
  8
0
  6
Continuous
 62
     7
370
    25
100
AcDbLine
 10
-682.4672056124
 20
-518.2249393445
 30
0.0
 11
-701.7229704522
 21
-523.6300776805
 31
0.0
  0
LINE
  5
5EB
330
1F
100
AcDbEntity
  8
0
  6
Continuous
 62
     7
370
    25
100
AcDbLine
 10
-683.8184901964
 20
-513.4109981345
 30
0.0
 11
-682.4672056124
 21
-518.2249393445
 31
0.0
  0
LINE
  5
5EC
330
1F
100
AcDbEntity
  8
0
  6
Continuous
 62
     7
370
    25
100
AcDbLine
 10
-701.7229704522
 20
-523.6300776805
 30
0.0
 11
-703.0742550362
 21
-518.8161364706
 31
0.0
  0
LINE
  5
5ED
330
1F
100
AcDbEntity
  8
0
  6
Continuous
 62
     7
370
    25
100
AcDbLine
 10
-648.7696171426
 20
-508.7659472564
 30
0.0
 11
-650.1209017266
 21
-503.9520060464
 31
0.0
  0
LINE
  5
5EE
330
1F
100
AcDbEntity
  8
0
  6
Continuous
 62
     7
370
    25
100
AcDbLine
 10
-629.5138523027
 20
-503.3608089203
 30
0.0
 11
-648.7696171426
 21
-508.7659472564
 31
0.0
  0
LINE
  5
5EF
330
1F
100
AcDbEntity
  8
0
  6
Continuous
 62
     7
370
    25
100
AcDbLine
 10
-630.8651368868
 20
-498.5468677103
 30
0.0
 11
-629.5138523027
 21
-503.3608089203
 31
0.0
  0
LINE
  5
5F0
330
1F
100
AcDbEntity
  8
0
  6
Continuous
 62
     7
370
    25
100
AcDbLine
 10
-595.816263833
 20
-493.9018168322
 30
0.0
 11
-597.167548417
 21
-489.0878756222
 31
0.0
  0
LINE
  5
5F1
330
1F
100
AcDbEntity
  8
0
  6
Continuous
 62
     7
370
    25
100
AcDbLine
 10
-576.5604989931
 20
-488.4966784961
 30
0.0
 11
-595.816263833
 21
-493.9018168322
 31
0.0
  0
LINE
  5
5F2
330
1F
100
AcDbEntity
  8
0
  6
Continuous
 62
     7
370
    25
100
AcDbLine
 10
-577.9117835771
 20
-483.6827372862
 30
0.0
 11
-576.5604989931
 21
-488.4966784961
 31
0.0
  0
LINE
  5
5F3
330
1F
100
AcDbEntity
  8
0
  6
Continuous
 62
     7
370
    25
100
AcDbLine
 10
-536.6302015803
 20
-429.716661472
 30
0.0
 11
-541.5770968902
 21
-449.0952121606
 31
0.0
  0
LINE
  5
5F4
330
1F
100
AcDbEntity
  8
0
  6
Continuous
 62
     7
370
    25
100
AcDbLine
 10
-541.4748392525
 20
-428.4799376445
 30
0.0
 11
-536.6302015803
 21
-429.716661472
 31
0.0
  0
LINE
  5
5F5
330
1F
100
AcDbEntity
  8
0
  6
Continuous
 62
     7
370
    25
100
AcDbLine
 10
-541.5770968902
 20
-449.0952121606
 30
0.0
 11
-546.4217345624
 21
-447.8584883331
 31
0.0
  0
LINE
  5
5F6
330
1F
100
AcDbEntity
  8
0
  6
Continuous
 62
     7
370
    25
100
AcDbLine
 10
-530.8588237187
 20
-407.1083523352
 30
0.0
 11
-535.7034613909
 21
-405.8716285077
 31
0.0
  0
LINE
  5
5F7
330
1F
100
AcDbEntity
  8
0
  6
Continuous
 62
     7
370
    25
100
AcDbLine
 10
-525.9119284088
 20
-387.7298016465
 30
0.0
 11
-530.8588237187
 21
-407.1083523352
 31
0.0
  0
LINE
  5
5F8
330
1F
100
AcDbEntity
  8
0
  6
Continuous
 62
     7
370
    25
100
AcDbLine
 10
-530.756566081
 20
-386.4930778191
 30
0.0
 11
-525.9119284088
 21
-387.7298016465
 31
0.0
  0
LINE
  5
5F9
330
1F
100
AcDbEntity
  8
0
  6
Continuous
 62
     7
370
    25
100
AcDbLine
 10
-520.1405505472
 20
-365.1214925098
 30
0.0
 11
-524.9851882194
 21
-363.8847686823
 31
0.0
  0
LINE
  5
5FA
330
1F
100
AcDbEntity
  8
0
  6
Continuous
 62
     7
370
    25
100
AcDbLine
 10
-515.1936552373
 20
-345.7429418211
 30
0.0
 11
-520.1405505472
 21
-365.1214925098
 31
0.0
  0
LINE
  5
5FB
330
1F
100
AcDbEntity
  8
0
  6
Continuous
 62
     7
370
    25
100
AcDbLine
 10
-520.0382929094
 20
-344.5062179937
 30
0.0
 11
-515.1936552373
 21
-345.7429418211
 31
0.0
  0
LINE
  5
5FC
330
1F
100
AcDbEntity
  8
0
  6
Continuous
 62
     7
370
    25
100
AcDbLine
 10
-509.4222773757
 20
-323.1346326844
 30
0.0
 11
-514.2669150478
 21
-321.8979088569
 31
0.0
  0
LINE
  5
5FD
330
1F
100
AcDbEntity
  8
0
  6
Continuous
 62
     7
370
    25
100
AcDbLine
 10
-504.4753820657
 20
-303.7560819957
 30
0.0
 11
-509.4222773757
 21
-323.1346326844
 31
0.0
  0
LINE
  5
5FE
330
1F
100
AcDbEntity
  8
0
  6
Continuous
 62
     7
370
    25
100
AcDbLine
 10
-509.3200197379
 20
-302.5193581683
 30
0.0
 11
-504.4753820657
 21
-303.7560819957
 31
0.0
  0
LINE
  5
5FF
330
1F
100
AcDbEntity
  8
0
  6
Continuous
 62
     7
370
    25
100
AcDbLine
 10
-582.0114535168
 20
-270.7863441582
 30
0.0
 11
-602.0029494838
 21
-271.3695156619
 31
0.0
  0
LINE
  5
600
330
1F
100
AcDbEntity
  8
0
  6
Continuous
 62
     7
370
    25
100
AcDbLine
 10
-602.0029494838
 20
-271.3695156619
 30
0.0
 11
-601.8571566078
 21
-276.3673896537
 31
0.0
  0
LINE
  5
601
330
1F
100
AcDbEntity
  8
0
  6
Continuous
 62
     7
370
    25
100
AcDbLine
 10
-581.8656606409
 20
-275.78421815
 30
0.0
 11
-582.0114535168
 21
-270.7863441582
 31
0.0
  0
LINE
  5
602
330
1F
100
AcDbEntity
  8
0
  6
Continuous
 62
     7
370
    25
100
AcDbLine
 10
-538.5875449593
 20
-457.5988924963
 30
0.0
 11
-528.898269615
 21
-460.0723401513
 31
0.0
  0
LINE
  5
603
330
1F
100
AcDbEntity
  8
0
  6
Continuous
 62
     7
370
    25
100
AcDbLine
 10
-528.898269615
 20
-460.0723401513
 30
0.0
 11
-527.6615457875
 21
-455.2277024791
 31
0.0
  0
LINE
  5
604
330
1F
100
AcDbEntity
  8
0
  6
Continuous
 62
     7
370
    25
100
AcDbLine
 10
-527.6615457875
 20
-455.2277024791
 30
0.0
 11
-537.3508211318
 21
-452.7542548242
 31
0.0
  0
LINE
  5
605
330
1F
100
AcDbEntity
  8
0
  6
Continuous
 62
     7
370
    25
100
AcDbLine
 10
-538.5875449593
 20
-457.5988924963
 30
0.0
 11
-537.3508211318
 21
-452.7542548242
 31
0.0
  0
LINE
  5
606
330
1F
100
AcDbEntity
  8
0
  6
Continuous
 62
     7
370
    25
100
AcDbLine
 10
-521.89117274
 20
-274.034703639
 30
0.0
 11
-522.0369656159
 21
-269.0368296472
 31
0.0
  0
LINE
  5
607
330
1F
100
AcDbEntity
  8
0
  6
Continuous
 62
     7
370
    25
100
AcDbLine
 10
-522.0369656159
 20
-269.0368296472
 30
0.0
 11
-542.0284615829
 21
-269.6200011509
 31
0.0
  0
LINE
  5
608
330
1F
100
AcDbEntity
  8
0
  6
Continuous
 62
     7
370
    25
100
AcDbLine
 10
-542.0284615829
 20
-269.6200011509
 30
0.0
 11
-541.8826687069
 21
-274.6178751426
 31
0.0
  0
LINE
  5
609
330
1F
100
AcDbEntity
  8
0
  6
Continuous
 62
     7
370
    25
100
AcDbLine
 10
-551.8784166904
 20
-274.9094608945
 30
0.0
 11
-552.0242095663
 21
-269.9115869027
 31
0.0
  0
LINE
  5
60A
330
1F
100
AcDbEntity
  8
0
  6
Continuous
 62
     7
370
    25
100
AcDbLine
 10
-552.0242095663
 20
-269.9115869027
 30
0.0
 11
-572.0157055333
 21
-270.4947584064
 31
0.0
  0
LINE
  5
60B
330
1F
100
AcDbEntity
  8
0
  6
Continuous
 62
     7
370
    25
100
AcDbLine
 10
-572.0157055333
 20
-270.4947584064
 30
0.0
 11
-571.8699126574
 21
-275.4926323981
 31
0.0
  0
LINE
  5
60C
330
1F
100
AcDbEntity
  8
0
  6
Continuous
 62
     7
370
    25
100
AcDbLine
 10
-489.3231071355
 20
-305.0439346421
 30
0.0
 11
-488.086383308
 21
-300.1992969699
 31
0.0
  0
LINE
  5
60D
330
1F
100
AcDbEntity
  8
0
  6
Continuous
 62
     7
370
    25
100
AcDbLine
 10
-488.086383308
 20
-300.1992969699
 30
0.0
 11
-497.7756586524
 21
-297.725849315
 31
0.0
  0
LINE
  5
60E
330
1F
100
AcDbEntity
  8
0
  6
Continuous
 62
     7
370
    25
100
AcDbLine
 10
-499.0123824798
 20
-302.5704869871
 30
0.0
 11
-497.7756586524
 21
-297.725849315
 31
0.0
  0
LINE
  5
60F
330
1F
100
AcDbEntity
  8
0
  6
Continuous
 62
     7
370
    25
100
AcDbLine
 10
-499.0123824798
 20
-302.5704869871
 30
0.0
 11
-489.3231071355
 21
-305.0439346421
 31
0.0
  0
LINE
  5
610
330
1F
100
AcDbEntity
  8
0
  6
Continuous
 62
     7
370
    25
100
AcDbLine
 10
-482.6233837221
 20
-299.0137019613
 30
0.0
 11
-527.1454415115
 21
-473.4206581592
 31
0.0
  0
LINE
  5
611
330
1F
100
AcDbEntity
  8
0
  6
Continuous
 62
     7
370
    25
100
AcDbLine
 10
-544.152802183
 20
-479.3997620211
 30
0.0
 11
-541.679354528
 21
-469.7104866767
 31
0.0
  0
LINE
  5
612
330
1F
100
AcDbEntity
  8
0
  6
Continuous
 62
     7
370
    25
100
AcDbLine
 10
-553.8420775273
 20
-476.9263143661
 30
0.0
 11
-544.152802183
 21
-479.3997620211
 31
0.0
  0
LINE
  5
613
330
1F
100
AcDbEntity
  8
0
  6
Continuous
 62
     7
370
    25
100
AcDbLine
 10
-552.837163797
 20
-487.0307326476
 30
0.0
 11
-553.8420775273
 21
-476.9263143661
 31
0.0
  0
LINE
  5
614
330
1F
100
AcDbEntity
  8
0
  6
Continuous
 62
     7
370
    25
100
AcDbLine
 10
-726.1390473558
 20
-535.6769776721
 30
0.0
 11
-552.837163797
 21
-487.0307326476
 31
0.0
  0
LINE
  5
615
330
1F
100
AcDbEntity
  8
0
  6
Continuous
 62
     7
370
    25
100
AcDbLine
 10
-727.1439610861
 20
-525.5725593906
 30
0.0
 11
-726.1390473558
 21
-535.6769776721
 31
0.0
  0
LINE
  5
616
330
1F
100
AcDbEntity
  8
0
  6
Continuous
 62
     7
370
    25
100
AcDbLine
 10
-726.5809121138
 20
-525.8110194451
 30
0.0
 11
-727.1439610861
 21
-525.5725593906
 31
0.0
  0
LINE
  5
617
330
1F
100
AcDbEntity
  8
0
  6
Continuous
 62
     7
370
    25
100
AcDbLine
 10
-714.8814333903
 20
-498.1863529747
 30
0.0
 11
-726.5809121138
 21
-525.8110194451
 31
0.0
  0
LINE
  5
618
330
1F
100
AcDbEntity
  8
0
  6
Continuous
 62
     7
370
    25
100
AcDbLine
 10
-714.8814333903
 20
-498.1863529747
 30
0.0
 11
-719.4855444687
 21
-496.2364398542
 31
0.0
  0
LINE
  5
619
330
1F
100
AcDbEntity
  8
0
  6
Continuous
 62
     7
370
    25
100
AcDbLine
 10
-709.7359788658
 20
-473.2158844622
 30
0.0
 11
-719.4855444687
 21
-496.2364398542
 31
0.0
  0
LINE
  5
61A
330
1F
100
AcDbEntity
  8
0
  6
Continuous
 62
     7
370
    25
100
AcDbLine
 10
-709.7359788658
 20
-473.2158844622
 30
0.0
 11
-705.1318677874
 21
-475.1657975828
 31
0.0
  0
LINE
  5
61B
330
1F
100
AcDbEntity
  8
0
  6
Continuous
 62
     7
370
    25
100
AcDbLine
 10
-690.8325049032
 20
-441.4023163412
 30
0.0
 11
-705.1318677874
 21
-475.1657975828
 31
0.0
  0
LINE
  5
61C
330
1F
100
AcDbEntity
  8
0
  6
Continuous
 62
     7
370
    25
100
AcDbLine
 10
-690.8325049032
 20
-441.4023163412
 30
0.0
 11
-695.4366159816
 21
-439.4524032206
 31
0.0
  0
LINE
  5
61D
330
1F
100
AcDbEntity
  8
0
  6
Continuous
 62
     7
370
    25
100
AcDbLine
 10
-685.6870503787
 20
-416.4318478287
 30
0.0
 11
-695.4366159816
 21
-439.4524032206
 31
0.0
  0
LINE
  5
61E
330
1F
100
AcDbEntity
  8
0
  6
Continuous
 62
     7
370
    25
100
AcDbLine
 10
-685.6870503787
 20
-416.4318478287
 30
0.0
 11
-681.0829393003
 21
-418.3817609492
 31
0.0
  0
LINE
  5
61F
330
1F
100
AcDbEntity
  8
0
  6
Continuous
 62
     7
370
    25
100
AcDbLine
 10
-666.783576416
 20
-384.6182797077
 30
0.0
 11
-681.0829393003
 21
-418.3817609492
 31
0.0
  0
LINE
  5
620
330
1F
100
AcDbEntity
  8
0
  6
Continuous
 62
     7
370
    25
100
AcDbLine
 10
-666.783576416
 20
-384.6182797077
 30
0.0
 11
-671.3876874944
 21
-382.6683665871
 31
0.0
  0
LINE
  5
621
330
1F
100
AcDbEntity
  8
0
  6
Continuous
 62
     7
370
    25
100
AcDbLine
 10
-661.6381218915
 20
-359.6478111951
 30
0.0
 11
-671.3876874944
 21
-382.6683665871
 31
0.0
  0
LINE
  5
622
330
1F
100
AcDbEntity
  8
0
  6
Continuous
 62
     7
370
    25
100
AcDbLine
 10
-661.6381218915
 20
-359.6478111951
 30
0.0
 11
-657.0340108131
 21
-361.5977243157
 31
0.0
  0
LINE
  5
623
330
1F
100
AcDbEntity
  8
0
  6
Continuous
 62
     7
370
    25
100
AcDbLine
 10
-642.7346479289
 20
-327.8342430742
 30
0.0
 11
-657.0340108131
 21
-361.5977243157
 31
0.0
  0
LINE
  5
624
330
1F
100
AcDbEntity
  8
0
  6
Continuous
 62
     7
370
    25
100
AcDbLine
 10
-642.7346479289
 20
-327.8342430742
 30
0.0
 11
-647.3387590073
 21
-325.8843299536
 31
0.0
  0
LINE
  5
625
330
1F
100
AcDbEntity
  8
0
  6
Continuous
 62
     7
370
    25
100
AcDbLine
 10
-637.5891934044
 20
-302.8637745616
 30
0.0
 11
-647.3387590073
 21
-325.8843299536
 31
0.0
  0
LINE
  5
626
330
1F
100
AcDbEntity
  8
0
  6
Continuous
 62
     7
370
    25
100
AcDbLine
 10
-637.5891934044
 20
-302.8637745616
 30
0.0
 11
-632.985082326
 21
-304.8136876822
 31
0.0
  0
LINE
  5
627
330
1F
100
AcDbEntity
  8
0
  6
Continuous
 62
     7
370
    25
100
AcDbLine
 10
-622.219996233
 20
-279.3952976948
 30
0.0
 11
-632.985082326
 21
-304.8136876822
 31
0.0
  0
LINE
  5
628
330
1F
100
AcDbEntity
  8
0
  6
Continuous
 62
     7
370
    25
100
AcDbLine
 10
-626.8241073114
 20
-277.4453845742
 30
0.0
 11
-622.219996233
 21
-279.3952976948
 31
0.0
  0
LINE
  5
629
330
1F
100
AcDbEntity
  8
0
  6
Continuous
 62
     7
370
    25
100
AcDbLine
 10
-621.8486525748
 20
-276.9505611573
 30
0.0
 11
-626.8241073114
 21
-277.4453845742
 31
0.0
  0
LINE
  5
62A
330
1F
100
AcDbEntity
  8
0
  6
Continuous
 62
     7
370
    25
100
AcDbLine
 10
-621.8486525748
 20
-276.9505611573
 30
0.0
 11
-622.8407265153
 21
-266.9752470999
 31
0.0
  0
LINE
  5
62B
330
1F
100
AcDbEntity
  8
0
  6
Continuous
 62
     7
370
    25
100
AcDbLine
 10
-502.8917507134
 20
-263.4762180778
 30
0.0
 11
-622.8407265153
 21
-266.9752470999
 31
0.0
  0
LINE
  5
62C
330
1F
100
AcDbEntity
  8
0
  6
Continuous
 62
     7
370
    25
100
AcDbLine
 10
-501.899676773
 20
-273.4515321353
 30
0.0
 11
-502.8917507134
 21
-263.4762180778
 31
0.0
  0
LINE
  5
62D
330
1F
100
AcDbEntity
  8
0
  6
Continuous
 62
     7
370
    25
100
AcDbLine
 10
-492.2104014287
 20
-275.9249797902
 30
0.0
 11
-501.899676773
 21
-273.4515321353
 31
0.0
  0
LINE
  5
62E
330
1F
100
AcDbEntity
  8
0
  6
Continuous
 62
     7
370
    25
100
AcDbLine
 10
-497.1572967386
 20
-295.3035304789
 30
0.0
 11
-492.2104014287
 21
-275.9249797902
 31
0.0
  0
LINE
  5
62F
330
1F
100
AcDbEntity
  8
0
  6
Continuous
 62
     7
370
    25
100
AcDbLine
 10
-497.1572967386
 20
-295.3035304789
 30
0.0
 11
-482.6233837221
 21
-299.0137019613
 31
0.0
  0
LINE
  5
630
330
1F
100
AcDbEntity
  8
0
  6
Continuous
 62
     7
370
    25
100
AcDbLine
 10
-527.1454415115
 20
-473.4206581592
 30
0.0
 11
-541.679354528
 21
-469.7104866767
 31
0.0
  0
LINE
  5
631
330
1F
100
AcDbEntity
  8
0
  6
Continuous
 62
     7
370
    25
100
AcDbLine
 10
-541.8826687069
 20
-274.6178751426
 30
0.0
 11
-521.89117274
 21
-274.034703639
 31
0.0
  0
LINE
  5
632
330
1F
100
AcDbEntity
  8
0
  6
Continuous
 62
     7
370
    25
100
AcDbLine
 10
-630.8651368868
 20
-498.5468677103
 30
0.0
 11
-650.1209017266
 21
-503.9520060464
 31
0.0
  0
LINE
  5
633
330
1F
100
AcDbEntity
  8
0
  6
Continuous
 62
     7
370
    25
100
AcDbLine
 10
-577.9117835771
 20
-483.6827372862
 30
0.0
 11
-597.167548417
 21
-489.0878756222
 31
0.0
  0
LINE
  5
634
330
1F
100
AcDbEntity
  8
0
  6
Continuous
 62
     7
370
    25
100
AcDbLine
 10
-683.8184901964
 20
-513.4109981345
 30
0.0
 11
-703.0742550362
 21
-518.8161364706
 31
0.0
  0
LINE
  5
635
330
1F
100
AcDbEntity
  8
0
  6
Continuous
 62
     7
370
    25
100
AcDbLine
 10
-530.756566081
 20
-386.4930778191
 30
0.0
 11
-535.7034613909
 21
-405.8716285077
 31
0.0
  0
LINE
  5
636
330
1F
100
AcDbEntity
  8
0
  6
Continuous
 62
     7
370
    25
100
AcDbLine
 10
-520.0382929094
 20
-344.5062179937
 30
0.0
 11
-524.9851882194
 21
-363.8847686823
 31
0.0
  0
LINE
  5
637
330
1F
100
AcDbEntity
  8
0
  6
Continuous
 62
     7
370
    25
100
AcDbLine
 10
-509.3200197379
 20
-302.5193581683
 30
0.0
 11
-514.2669150478
 21
-321.8979088569
 31
0.0
  0
LINE
  5
638
330
1F
100
AcDbEntity
  8
0
  6
Continuous
 62
     7
370
    25
100
AcDbLine
 10
-541.4748392525
 20
-428.4799376445
 30
0.0
 11
-546.4217345624
 21
-447.8584883331
 31
0.0
  0
LINE
  5
639
330
1F
100
AcDbEntity
  8
0
  6
Continuous
 62
     7
370
    25
100
AcDbLine
 10
-571.8699126574
 20
-275.4926323981
 30
0.0
 11
-551.8784166904
 21
-274.9094608945
 31
0.0
  0
LINE
  5
63A
330
1F
100
AcDbEntity
  8
0
  6
Continuous
 62
     7
370
    25
100
AcDbLine
 10
-601.8571566078
 20
-276.3673896537
 30
0.0
 11
-581.8656606409
 21
-275.78421815
 31
0.0
  0
LINE
  5
63B
330
1F
100
AcDbEntity
  8
0
  6
Continuous
 62
     7
370
    25
100
AcDbLine
 10
334.441088713
 20
-308.6762929553
 30
0.0
 11
346.441088713
 21
-308.6762929553
 31
0.0
  0
LINE
  5
63C
330
1F
100
AcDbEntity
  8
0
  6
Continuous
 62
     7
370
    25
100
AcDbLine
 10
334.441088713
 20
-308.6762929553
 30
0.0
 11
334.441088713
 21
-320.6762929553
 31
0.0
  0
LINE
  5
63D
330
1F
100
AcDbEntity
  8
0
  6
Continuous
 62
     7
370
    25
100
AcDbLine
 10
334.441088713
 20
-320.6762929553
 30
0.0
 11
346.441088713
 21
-320.6762929553
 31
0.0
  0
LINE
  5
63E
330
1F
100
AcDbEntity
  8
0
  6
Continuous
 62
     7
370
    25
100
AcDbLine
 10
346.441088713
 20
-308.6762929553
 30
0.0
 11
346.441088713
 21
-320.6762929553
 31
0.0
  0
LINE
  5
63F
330
1F
100
AcDbEntity
  8
0
  6
Continuous
 62
     7
370
    25
100
AcDbLine
 10
264.441088713
 20
-363.6762929553
 30
0.0
 11
264.441088713
 21
-318.6762929553
 31
0.0
  0
LINE
  5
640
330
1F
100
AcDbEntity
  8
0
  6
Continuous
 62
     7
370
    25
100
AcDbLine
 10
270.941088713
 20
-363.6762929553
 30
0.0
 11
264.441088713
 21
-363.6762929553
 31
0.0
  0
LINE
  5
641
330
1F
100
AcDbEntity
  8
0
  6
Continuous
 62
     7
370
    25
100
AcDbLine
 10
270.941088713
 20
-378.6762929553
 30
0.0
 11
270.941088713
 21
-363.6762929553
 31
0.0
  0
LINE
  5
642
330
1F
100
AcDbEntity
  8
0
  6
Continuous
 62
     7
370
    25
100
AcDbLine
 10
346.441088713
 20
-337.6762929553
 30
0.0
 11
346.441088713
 21
-349.6762929553
 31
0.0
  0
LINE
  5
643
330
1F
100
AcDbEntity
  8
0
  6
Continuous
 62
     7
370
    25
100
AcDbLine
 10
334.441088713
 20
-337.6762929553
 30
0.0
 11
346.441088713
 21
-337.6762929553
 31
0.0
  0
LINE
  5
644
330
1F
100
AcDbEntity
  8
0
  6
Continuous
 62
     7
370
    25
100
AcDbLine
 10
334.441088713
 20
-337.6762929553
 30
0.0
 11
334.441088713
 21
-349.6762929553
 31
0.0
  0
LINE
  5
645
330
1F
100
AcDbEntity
  8
0
  6
Continuous
 62
     7
370
    25
100
AcDbLine
 10
214.441088713
 20
-443.6762929553
 30
0.0
 11
494.441088713
 21
-443.6762929553
 31
0.0
  0
LINE
  5
646
330
1F
100
AcDbEntity
  8
0
  6
Continuous
 62
     7
370
    25
100
AcDbLine
 10
214.441088713
 20
-418.6762929553
 30
0.0
 11
214.441088713
 21
-443.6762929553
 31
0.0
  0
LINE
  5
647
330
1F
100
AcDbEntity
  8
0
  6
Continuous
 62
     7
370
    25
100
AcDbLine
 10
179.441088713
 20
-418.6762929553
 30
0.0
 11
214.441088713
 21
-418.6762929553
 31
0.0
  0
LINE
  5
648
330
1F
100
AcDbEntity
  8
0
  6
Continuous
 62
     7
370
    25
100
AcDbLine
 10
179.441088713
 20
-398.6762929553
 30
0.0
 11
179.441088713
 21
-418.6762929553
 31
0.0
  0
LINE
  5
649
330
1F
100
AcDbEntity
  8
0
  6
Continuous
 62
     7
370
    25
100
AcDbLine
 10
214.441088713
 20
-398.6762929553
 30
0.0
 11
179.441088713
 21
-398.6762929553
 31
0.0
  0
LINE
  5
64A
330
1F
100
AcDbEntity
  8
0
  6
Continuous
 62
     7
370
    25
100
AcDbLine
 10
214.441088713
 20
-363.6762929553
 30
0.0
 11
214.441088713
 21
-398.6762929553
 31
0.0
  0
LINE
  5
64B
330
1F
100
AcDbEntity
  8
0
  6
Continuous
 62
     7
370
    25
100
AcDbLine
 10
179.441088713
 20
-363.6762929553
 30
0.0
 11
214.441088713
 21
-363.6762929553
 31
0.0
  0
LINE
  5
64C
330
1F
100
AcDbEntity
  8
0
  6
Continuous
 62
     7
370
    25
100
AcDbLine
 10
179.441088713
 20
-343.6762929553
 30
0.0
 11
179.441088713
 21
-363.6762929553
 31
0.0
  0
LINE
  5
64D
330
1F
100
AcDbEntity
  8
0
  6
Continuous
 62
     7
370
    25
100
AcDbLine
 10
214.441088713
 20
-343.6762929553
 30
0.0
 11
179.441088713
 21
-343.6762929553
 31
0.0
  0
LINE
  5
64E
330
1F
100
AcDbEntity
  8
0
  6
Continuous
 62
     7
370
    25
100
AcDbLine
 10
214.441088713
 20
-308.6762929553
 30
0.0
 11
214.441088713
 21
-343.6762929553
 31
0.0
  0
LINE
  5
64F
330
1F
100
AcDbEntity
  8
0
  6
Continuous
 62
     7
370
    25
100
AcDbLine
 10
179.441088713
 20
-308.6762929553
 30
0.0
 11
214.441088713
 21
-308.6762929553
 31
0.0
  0
LINE
  5
650
330
1F
100
AcDbEntity
  8
0
  6
Continuous
 62
     7
370
    25
100
AcDbLine
 10
179.441088713
 20
-288.6762929553
 30
0.0
 11
179.441088713
 21
-308.6762929553
 31
0.0
  0
LINE
  5
651
330
1F
100
AcDbEntity
  8
0
  6
Continuous
 62
     7
370
    25
100
AcDbLine
 10
214.441088713
 20
-288.6762929553
 30
0.0
 11
179.441088713
 21
-288.6762929553
 31
0.0
  0
LINE
  5
652
330
1F
100
AcDbEntity
  8
0
  6
Continuous
 62
     7
370
    25
100
AcDbLine
 10
214.441088713
 20
-263.6762929553
 30
0.0
 11
214.441088713
 21
-288.6762929553
 31
0.0
  0
LINE
  5
653
330
1F
100
AcDbEntity
  8
0
  6
Continuous
 62
     7
370
    25
100
AcDbLine
 10
494.441088713
 20
-263.6762929553
 30
0.0
 11
214.441088713
 21
-263.6762929553
 31
0.0
  0
LINE
  5
654
330
1F
100
AcDbEntity
  8
0
  6
Continuous
 62
     7
370
    25
100
AcDbLine
 10
494.441088713
 20
-288.6762929553
 30
0.0
 11
494.441088713
 21
-263.6762929553
 31
0.0
  0
LINE
  5
655
330
1F
100
AcDbEntity
  8
0
  6
Continuous
 62
     7
370
    25
100
AcDbLine
 10
529.441088713
 20
-288.6762929553
 30
0.0
 11
494.441088713
 21
-288.6762929553
 31
0.0
  0
LINE
  5
656
330
1F
100
AcDbEntity
  8
0
  6
Continuous
 62
     7
370
    25
100
AcDbLine
 10
529.441088713
 20
-308.6762929553
 30
0.0
 11
529.441088713
 21
-288.6762929553
 31
0.0
  0
LINE
  5
657
330
1F
100
AcDbEntity
  8
0
  6
Continuous
 62
     7
370
    25
100
AcDbLine
 10
494.441088713
 20
-308.6762929553
 30
0.0
 11
529.441088713
 21
-308.6762929553
 31
0.0
  0
LINE
  5
658
330
1F
100
AcDbEntity
  8
0
  6
Continuous
 62
     7
370
    25
100
AcDbLine
 10
494.441088713
 20
-343.6762929553
 30
0.0
 11
494.441088713
 21
-308.6762929553
 31
0.0
  0
LINE
  5
659
330
1F
100
AcDbEntity
  8
0
  6
Continuous
 62
     7
370
    25
100
AcDbLine
 10
529.441088713
 20
-343.6762929553
 30
0.0
 11
494.441088713
 21
-343.6762929553
 31
0.0
  0
LINE
  5
65A
330
1F
100
AcDbEntity
  8
0
  6
Continuous
 62
     7
370
    25
100
AcDbLine
 10
529.441088713
 20
-363.6762929553
 30
0.0
 11
529.441088713
 21
-343.6762929553
 31
0.0
  0
LINE
  5
65B
330
1F
100
AcDbEntity
  8
0
  6
Continuous
 62
     7
370
    25
100
AcDbLine
 10
494.441088713
 20
-363.6762929553
 30
0.0
 11
529.441088713
 21
-363.6762929553
 31
0.0
  0
LINE
  5
65C
330
1F
100
AcDbEntity
  8
0
  6
Continuous
 62
     7
370
    25
100
AcDbLine
 10
494.441088713
 20
-398.6762929553
 30
0.0
 11
494.441088713
 21
-363.6762929553
 31
0.0
  0
LINE
  5
65D
330
1F
100
AcDbEntity
  8
0
  6
Continuous
 62
     7
370
    25
100
AcDbLine
 10
529.441088713
 20
-398.6762929553
 30
0.0
 11
494.441088713
 21
-398.6762929553
 31
0.0
  0
LINE
  5
65E
330
1F
100
AcDbEntity
  8
0
  6
Continuous
 62
     7
370
    25
100
AcDbLine
 10
529.441088713
 20
-418.6762929553
 30
0.0
 11
529.441088713
 21
-398.6762929553
 31
0.0
  0
LINE
  5
65F
330
1F
100
AcDbEntity
  8
0
  6
Continuous
 62
     7
370
    25
100
AcDbLine
 10
494.441088713
 20
-418.6762929553
 30
0.0
 11
529.441088713
 21
-418.6762929553
 31
0.0
  0
LINE
  5
660
330
1F
100
AcDbEntity
  8
0
  6
Continuous
 62
     7
370
    25
100
AcDbLine
 10
494.441088713
 20
-443.6762929553
 30
0.0
 11
494.441088713
 21
-418.6762929553
 31
0.0
  0
LINE
  5
661
330
1F
100
AcDbEntity
  8
0
  6
Continuous
 62
     7
370
    25
100
AcDbLine
 10
346.441088713
 20
-366.6762929553
 30
0.0
 11
346.441088713
 21
-378.6762929553
 31
0.0
  0
LINE
  5
662
330
1F
100
AcDbEntity
  8
0
  6
Continuous
 62
     7
370
    25
100
AcDbLine
 10
334.441088713
 20
-366.6762929553
 30
0.0
 11
346.441088713
 21
-366.6762929553
 31
0.0
  0
LINE
  5
663
330
1F
100
AcDbEntity
  8
0
  6
Continuous
 62
     7
370
    25
100
AcDbLine
 10
334.441088713
 20
-366.6762929553
 30
0.0
 11
334.441088713
 21
-378.6762929553
 31
0.0
  0
LINE
  5
664
330
1F
100
AcDbEntity
  8
0
  6
Continuous
 62
     7
370
    25
100
AcDbLine
 10
334.441088713
 20
-378.6762929553
 30
0.0
 11
346.441088713
 21
-378.6762929553
 31
0.0
  0
LINE
  5
665
330
1F
100
AcDbEntity
  8
0
  6
Continuous
 62
     7
370
    25
100
AcDbLine
 10
304.441088713
 20
-308.6762929553
 30
0.0
 11
274.441088713
 21
-308.6762929553
 31
0.0
  0
LINE
  5
666
330
1F
100
AcDbEntity
  8
0
  6
Continuous
 62
     7
370
    25
100
AcDbLine
 10
464.441088713
 20
-330.6762929553
 30
0.0
 11
464.441088713
 21
-328.6762929553
 31
0.0
  0
LINE
  5
667
330
1F
100
AcDbEntity
  8
0
  6
Continuous
 62
     7
370
    25
100
AcDbLine
 10
426.441088713
 20
-328.6762929553
 30
0.0
 11
464.441088713
 21
-328.6762929553
 31
0.0
  0
LINE
  5
668
330
1F
100
AcDbEntity
  8
0
  6
Continuous
 62
     7
370
    25
100
AcDbLine
 10
426.441088713
 20
-330.6762929553
 30
0.0
 11
426.441088713
 21
-328.6762929553
 31
0.0
  0
LINE
  5
669
330
1F
100
AcDbEntity
  8
0
  6
Continuous
 62
     7
370
    25
100
AcDbLine
 10
426.441088713
 20
-330.6762929553
 30
0.0
 11
464.441088713
 21
-330.6762929553
 31
0.0
  0
LINE
  5
66A
330
1F
100
AcDbEntity
  8
0
  6
Continuous
 62
     7
370
    25
100
AcDbLine
 10
274.441088713
 20
-308.6762929553
 30
0.0
 11
264.441088713
 21
-318.6762929553
 31
0.0
  0
LINE
  5
66B
330
1F
100
AcDbEntity
  8
0
  6
Continuous
 62
     7
370
    25
100
AcDbLine
 10
314.441088713
 20
-363.6762929553
 30
0.0
 11
314.441088713
 21
-318.6762929553
 31
0.0
  0
LINE
  5
66C
330
1F
100
AcDbEntity
  8
0
  6
Continuous
 62
     7
370
    25
100
AcDbLine
 10
314.441088713
 20
-318.6762929553
 30
0.0
 11
304.441088713
 21
-308.6762929553
 31
0.0
  0
LINE
  5
66D
330
1F
100
AcDbEntity
  8
0
  6
Continuous
 62
     7
370
    25
100
AcDbLine
 10
307.941088713
 20
-363.6762929553
 30
0.0
 11
307.941088713
 21
-378.6762929553
 31
0.0
  0
LINE
  5
66E
330
1F
100
AcDbEntity
  8
0
  6
Continuous
 62
     7
370
    25
100
AcDbLine
 10
314.441088713
 20
-363.6762929553
 30
0.0
 11
307.941088713
 21
-363.6762929553
 31
0.0
  0
LINE
  5
66F
330
1F
100
AcDbEntity
  8
0
  6
Continuous
 62
     7
370
    25
100
AcDbLine
 10
307.941088713
 20
-378.6762929553
 30
0.0
 11
270.941088713
 21
-378.6762929553
 31
0.0
  0
LINE
  5
670
330
1F
100
AcDbEntity
  8
0
  6
Continuous
 62
     7
370
    25
100
AcDbLine
 10
334.441088713
 20
-349.6762929553
 30
0.0
 11
346.441088713
 21
-349.6762929553
 31
0.0
  0
LINE
  5
671
330
1F
100
AcDbEntity
  8
0
  6
Continuous
 62
     7
370
    25
100
AcDbLine
 10
99.6363456891
 20
70.7284346407
 30
0.0
 11
94.6363456891
 21
70.7284346407
 31
0.0
  0
LINE
  5
672
330
1F
100
AcDbEntity
  8
0
  6
Continuous
 62
     7
370
    25
100
AcDbLine
 10
99.6363456891
 20
50.7284346407
 30
0.0
 11
99.6363456891
 21
70.7284346407
 31
0.0
  0
LINE
  5
673
330
1F
100
AcDbEntity
  8
0
  6
Continuous
 62
     7
370
    25
100
AcDbLine
 10
94.6363456891
 20
50.7284346407
 30
0.0
 11
99.6363456891
 21
50.7284346407
 31
0.0
  0
LINE
  5
674
330
1F
100
AcDbEntity
  8
0
  6
Continuous
 62
     7
370
    25
100
AcDbLine
 10
99.6363456891
 20
7.3951013073
 30
0.0
 11
99.6363456891
 21
27.3951013073
 31
0.0
  0
LINE
  5
675
330
1F
100
AcDbEntity
  8
0
  6
Continuous
 62
     7
370
    25
100
AcDbLine
 10
94.6363456891
 20
7.3951013073
 30
0.0
 11
99.6363456891
 21
7.3951013073
 31
0.0
  0
LINE
  5
676
330
1F
100
AcDbEntity
  8
0
  6
Continuous
 62
     7
370
    25
100
AcDbLine
 10
99.6363456891
 20
-15.938232026
 30
0.0
 11
94.6363456891
 21
-15.938232026
 31
0.0
  0
LINE
  5
677
330
1F
100
AcDbEntity
  8
0
  6
Continuous
 62
     7
370
    25
100
AcDbLine
 10
99.6363456891
 20
-35.938232026
 30
0.0
 11
99.6363456891
 21
-15.938232026
 31
0.0
  0
LINE
  5
678
330
1F
100
AcDbEntity
  8
0
  6
Continuous
 62
     7
370
    25
100
AcDbLine
 10
99.6363456891
 20
-59.2715653593
 30
0.0
 11
94.6363456891
 21
-59.2715653593
 31
0.0
  0
LINE
  5
679
330
1F
100
AcDbEntity
  8
0
  6
Continuous
 62
     7
370
    25
100
AcDbLine
 10
99.6363456891
 20
-79.2715653593
 30
0.0
 11
99.6363456891
 21
-59.2715653593
 31
0.0
  0
LINE
  5
67A
330
1F
100
AcDbEntity
  8
0
  6
Continuous
 62
     7
370
    25
100
AcDbLine
 10
94.6363456891
 20
-79.2715653593
 30
0.0
 11
99.6363456891
 21
-79.2715653593
 31
0.0
  0
LINE
  5
67B
330
1F
100
AcDbEntity
  8
0
  6
Continuous
 62
     7
370
    25
100
AcDbLine
 10
-185.3636543109
 20
100.7284346407
 30
0.0
 11
-185.3636543109
 21
70.7284346407
 31
0.0
  0
LINE
  5
67C
330
1F
100
AcDbEntity
  8
0
  6
Continuous
 62
     7
370
    25
100
AcDbLine
 10
-185.3636543109
 20
-79.2715653593
 30
0.0
 11
-185.3636543109
 21
-109.2715653593
 31
0.0
  0
LINE
  5
67D
330
1F
100
AcDbEntity
  8
0
  6
Continuous
 62
     7
370
    25
100
AcDbLine
 10
-185.3636543109
 20
-35.938232026
 30
0.0
 11
-185.3636543109
 21
-59.2715653593
 31
0.0
  0
LINE
  5
67E
330
1F
100
AcDbEntity
  8
0
  6
Continuous
 62
     7
370
    25
100
AcDbLine
 10
99.6363456891
 20
27.3951013073
 30
0.0
 11
94.6363456891
 21
27.3951013073
 31
0.0
  0
LINE
  5
67F
330
1F
100
AcDbEntity
  8
0
  6
Continuous
 62
     7
370
    25
100
AcDbLine
 10
-190.3636543109
 20
-59.2715653593
 30
0.0
 11
-190.3636543109
 21
-79.2715653593
 31
0.0
  0
LINE
  5
680
330
1F
100
AcDbEntity
  8
0
  6
Continuous
 62
     7
370
    25
100
AcDbLine
 10
-190.3636543109
 20
-79.2715653593
 30
0.0
 11
-185.3636543109
 21
-79.2715653593
 31
0.0
  0
LINE
  5
681
330
1F
100
AcDbEntity
  8
0
  6
Continuous
 62
     7
370
    25
100
AcDbLine
 10
-149.3636543109
 20
-72.7715653593
 30
0.0
 11
58.6363456891
 21
-72.7715653593
 31
0.0
  0
LINE
  5
682
330
1F
100
AcDbEntity
  8
0
  6
Continuous
 62
     7
370
    25
100
AcDbLine
 10
-154.3636543109
 20
59.2284346407
 30
0.0
 11
-154.3636543109
 21
-67.7715653593
 31
0.0
  0
LINE
  5
683
330
1F
100
AcDbEntity
  8
0
  6
Continuous
 62
     7
370
    25
100
AcDbLine
 10
58.6363456891
 20
64.2284346407
 30
0.0
 11
-149.3636543109
 21
64.2284346407
 31
0.0
  0
LINE
  5
684
330
1F
100
AcDbEntity
  8
0
  6
Continuous
 62
     7
370
    25
100
AcDbLine
 10
63.6363456891
 20
-67.7715653593
 30
0.0
 11
63.6363456891
 21
59.2284346407
 31
0.0
  0
LINE
  5
685
330
1F
100
AcDbEntity
  8
0
  6
Continuous
 62
     7
370
    25
100
AcDbLine
 10
94.6363456891
 20
100.7284346407
 30
0.0
 11
-185.3636543109
 21
100.7284346407
 31
0.0
  0
LINE
  5
686
330
1F
100
AcDbEntity
  8
0
  6
Continuous
 62
     7
370
    25
100
AcDbLine
 10
94.6363456891
 20
-59.2715653593
 30
0.0
 11
94.6363456891
 21
-35.938232026
 31
0.0
  0
LINE
  5
687
330
1F
100
AcDbEntity
  8
0
  6
Continuous
 62
     7
370
    25
100
AcDbLine
 10
-185.3636543109
 20
-109.2715653593
 30
0.0
 11
94.6363456891
 21
-109.2715653593
 31
0.0
  0
LINE
  5
688
330
1F
100
AcDbEntity
  8
0
  6
Continuous
 62
     7
370
    25
100
AcDbLine
 10
-190.3636543109
 20
27.3951013073
 30
0.0
 11
-190.3636543109
 21
7.3951013073
 31
0.0
  0
LINE
  5
689
330
1F
100
AcDbEntity
  8
0
  6
Continuous
 62
     7
370
    25
100
AcDbLine
 10
-190.3636543109
 20
7.3951013073
 30
0.0
 11
-185.3636543109
 21
7.3951013073
 31
0.0
  0
LINE
  5
68A
330
1F
100
AcDbEntity
  8
0
  6
Continuous
 62
     7
370
    25
100
AcDbLine
 10
-185.3636543109
 20
-15.938232026
 30
0.0
 11
-190.3636543109
 21
-15.938232026
 31
0.0
  0
LINE
  5
68B
330
1F
100
AcDbEntity
  8
0
  6
Continuous
 62
     7
370
    25
100
AcDbLine
 10
-190.3636543109
 20
-15.938232026
 30
0.0
 11
-190.3636543109
 21
-35.938232026
 31
0.0
  0
LINE
  5
68C
330
1F
100
AcDbEntity
  8
0
  6
Continuous
 62
     7
370
    25
100
AcDbLine
 10
-190.3636543109
 20
-35.938232026
 30
0.0
 11
-185.3636543109
 21
-35.938232026
 31
0.0
  0
LINE
  5
68D
330
1F
100
AcDbEntity
  8
0
  6
Continuous
 62
     7
370
    25
100
AcDbLine
 10
-185.3636543109
 20
7.3951013073
 30
0.0
 11
-185.3636543109
 21
-15.938232026
 31
0.0
  0
LINE
  5
68E
330
1F
100
AcDbEntity
  8
0
  6
Continuous
 62
     7
370
    25
100
AcDbLine
 10
-185.3636543109
 20
50.7284346407
 30
0.0
 11
-185.3636543109
 21
27.3951013073
 31
0.0
  0
LINE
  5
68F
330
1F
100
AcDbEntity
  8
0
  6
Continuous
 62
     7
370
    25
100
AcDbLine
 10
94.6363456891
 20
70.7284346407
 30
0.0
 11
94.6363456891
 21
100.7284346407
 31
0.0
  0
LINE
  5
690
330
1F
100
AcDbEntity
  8
0
  6
Continuous
 62
     7
370
    25
100
AcDbLine
 10
94.6363456891
 20
-15.938232026
 30
0.0
 11
94.6363456891
 21
7.3951013073
 31
0.0
  0
LINE
  5
691
330
1F
100
AcDbEntity
  8
0
  6
Continuous
 62
     7
370
    25
100
AcDbLine
 10
94.6363456891
 20
27.3951013073
 30
0.0
 11
94.6363456891
 21
50.7284346407
 31
0.0
  0
LINE
  5
692
330
1F
100
AcDbEntity
  8
0
  6
Continuous
 62
     7
370
    25
100
AcDbLine
 10
94.6363456891
 20
-35.938232026
 30
0.0
 11
99.6363456891
 21
-35.938232026
 31
0.0
  0
LINE
  5
693
330
1F
100
AcDbEntity
  8
0
  6
Continuous
 62
     7
370
    25
100
AcDbLine
 10
-185.3636543109
 20
70.7284346407
 30
0.0
 11
-190.3636543109
 21
70.7284346407
 31
0.0
  0
LINE
  5
694
330
1F
100
AcDbEntity
  8
0
  6
Continuous
 62
     7
370
    25
100
AcDbLine
 10
-190.3636543109
 20
70.7284346407
 30
0.0
 11
-190.3636543109
 21
50.7284346407
 31
0.0
  0
LINE
  5
695
330
1F
100
AcDbEntity
  8
0
  6
Continuous
 62
     7
370
    25
100
AcDbLine
 10
-190.3636543109
 20
50.7284346407
 30
0.0
 11
-185.3636543109
 21
50.7284346407
 31
0.0
  0
LINE
  5
696
330
1F
100
AcDbEntity
  8
0
  6
Continuous
 62
     7
370
    25
100
AcDbLine
 10
-185.3636543109
 20
27.3951013073
 30
0.0
 11
-190.3636543109
 21
27.3951013073
 31
0.0
  0
LINE
  5
697
330
1F
100
AcDbEntity
  8
0
  6
Continuous
 62
     7
370
    25
100
AcDbLine
 10
94.6363456891
 20
-109.2715653593
 30
0.0
 11
94.6363456891
 21
-79.2715653593
 31
0.0
  0
LINE
  5
698
330
1F
100
AcDbEntity
  8
0
  6
Continuous
 62
     7
370
    25
100
AcDbLine
 10
-185.3636543109
 20
-59.2715653593
 30
0.0
 11
-190.3636543109
 21
-59.2715653593
 31
0.0
  0
LINE
  5
699
330
1F
100
AcDbEntity
  8
0
  6
Continuous
 62
     7
370
    25
100
AcDbLine
 10
-121.5232906349
 20
-298.6707593753
 30
0.0
 11
-121.8728264806
 21
-293.6829918695
 31
0.0
  0
LINE
  5
69A
330
1F
100
AcDbEntity
  8
0
  6
Continuous
 62
     7
370
    25
100
AcDbLine
 10
-121.8728264806
 20
-293.6829918695
 30
0.0
 11
-141.8238965041
 21
-295.0811352525
 31
0.0
  0
LINE
  5
69B
330
1F
100
AcDbEntity
  8
0
  6
Continuous
 62
     7
370
    25
100
AcDbLine
 10
-141.8238965041
 20
-295.0811352525
 30
0.0
 11
-141.4743606583
 21
-300.0689027583
 31
0.0
  0
LINE
  5
69C
330
1F
100
AcDbEntity
  8
0
  6
Continuous
 62
     7
370
    25
100
AcDbLine
 10
-121.5232906349
 20
-298.6707593753
 30
0.0
 11
-141.4743606583
 21
-300.0689027583
 31
0.0
  0
LINE
  5
69D
330
1F
100
AcDbEntity
  8
0
  6
Continuous
 62
     7
370
    25
100
AcDbLine
 10
-151.7994315158
 20
-295.780206944
 30
0.0
 11
-171.7505015392
 21
-297.178350327
 31
0.0
  0
LINE
  5
69E
330
1F
100
AcDbEntity
  8
0
  6
Continuous
 62
     7
370
    25
100
AcDbLine
 10
-171.7505015392
 20
-297.178350327
 30
0.0
 11
-171.4009656935
 21
-302.1661178329
 31
0.0
  0
LINE
  5
69F
330
1F
100
AcDbEntity
  8
0
  6
Continuous
 62
     7
370
    25
100
AcDbLine
 10
-151.44989567
 20
-300.7679744499
 30
0.0
 11
-171.4009656935
 21
-302.1661178329
 31
0.0
  0
LINE
  5
6A0
330
1F
100
AcDbEntity
  8
0
  6
Continuous
 62
     7
370
    25
100
AcDbLine
 10
-151.44989567
 20
-300.7679744499
 30
0.0
 11
-151.7994315158
 21
-295.780206944
 31
0.0
  0
LINE
  5
6A1
330
1F
100
AcDbEntity
  8
0
  6
Continuous
 62
     7
370
    25
100
AcDbLine
 10
-181.726036551
 20
-297.8774220185
 30
0.0
 11
-201.6771065744
 21
-299.2755654016
 31
0.0
  0
LINE
  5
6A2
330
1F
100
AcDbEntity
  8
0
  6
Continuous
 62
     7
370
    25
100
AcDbLine
 10
-201.6771065744
 20
-299.2755654016
 30
0.0
 11
-201.3275707287
 21
-304.2633329074
 31
0.0
  0
LINE
  5
6A3
330
1F
100
AcDbEntity
  8
0
  6
Continuous
 62
     7
370
    25
100
AcDbLine
 10
-181.3765007052
 20
-302.8651895244
 30
0.0
 11
-201.3275707287
 21
-304.2633329074
 31
0.0
  0
LINE
  5
6A4
330
1F
100
AcDbEntity
  8
0
  6
Continuous
 62
     7
370
    25
100
AcDbLine
 10
-181.3765007052
 20
-302.8651895244
 30
0.0
 11
-181.726036551
 21
-297.8774220185
 31
0.0
  0
LINE
  5
6A5
330
1F
100
AcDbEntity
  8
0
  6
Continuous
 62
     7
370
    25
100
AcDbLine
 10
-125.7024577167
 20
-512.2621698622
 30
0.0
 11
-106.0063026565
 21
-515.7351334156
 31
0.0
  0
LINE
  5
6A6
330
1F
100
AcDbEntity
  8
0
  6
Continuous
 62
     7
370
    25
100
AcDbLine
 10
-106.0063026565
 20
-515.7351334156
 30
0.0
 11
-105.1380617682
 21
-510.8110946505
 31
0.0
  0
LINE
  5
6A7
330
1F
100
AcDbEntity
  8
0
  6
Continuous
 62
     7
370
    25
100
AcDbLine
 10
-124.8342168284
 20
-507.3381310972
 30
0.0
 11
-105.1380617682
 21
-510.8110946505
 31
0.0
  0
LINE
  5
6A8
330
1F
100
AcDbEntity
  8
0
  6
Continuous
 62
     7
370
    25
100
AcDbLine
 10
-124.8342168284
 20
-507.3381310972
 30
0.0
 11
-125.7024577167
 21
-512.2621698622
 31
0.0
  0
LINE
  5
6A9
330
1F
100
AcDbEntity
  8
0
  6
Continuous
 62
     7
370
    25
100
AcDbLine
 10
-71.5380313011
 20
-521.8128196339
 30
0.0
 11
-51.8418762408
 21
-525.2857831873
 31
0.0
  0
LINE
  5
6AA
330
1F
100
AcDbEntity
  8
0
  6
Continuous
 62
     7
370
    25
100
AcDbLine
 10
-51.8418762408
 20
-525.2857831873
 30
0.0
 11
-50.9736353525
 21
-520.3617444222
 31
0.0
  0
LINE
  5
6AB
330
1F
100
AcDbEntity
  8
0
  6
Continuous
 62
     7
370
    25
100
AcDbLine
 10
-70.6697904127
 20
-516.8887808689
 30
0.0
 11
-50.9736353525
 21
-520.3617444222
 31
0.0
  0
LINE
  5
6AC
330
1F
100
AcDbEntity
  8
0
  6
Continuous
 62
     7
370
    25
100
AcDbLine
 10
-70.6697904127
 20
-516.8887808689
 30
0.0
 11
-71.5380313011
 21
-521.8128196339
 31
0.0
  0
LINE
  5
6AD
330
1F
100
AcDbEntity
  8
0
  6
Continuous
 62
     7
370
    25
100
AcDbLine
 10
-17.3736048854
 20
-531.3634694056
 30
0.0
 11
2.3225501748
 21
-534.8364329589
 31
0.0
  0
LINE
  5
6AE
330
1F
100
AcDbEntity
  8
0
  6
Continuous
 62
     7
370
    25
100
AcDbLine
 10
2.3225501748
 20
-534.8364329589
 30
0.0
 11
3.1907910632
 21
-529.9123941939
 31
0.0
  0
LINE
  5
6AF
330
1F
100
AcDbEntity
  8
0
  6
Continuous
 62
     7
370
    25
100
AcDbLine
 10
-16.5053639971
 20
-526.4394306405
 30
0.0
 11
3.1907910632
 21
-529.9123941939
 31
0.0
  0
LINE
  5
6B0
330
1F
100
AcDbEntity
  8
0
  6
Continuous
 62
     7
370
    25
100
AcDbLine
 10
-16.5053639971
 20
-526.4394306405
 30
0.0
 11
-17.3736048854
 21
-531.3634694056
 31
0.0
  0
LINE
  5
6B1
330
1F
100
AcDbEntity
  8
0
  6
Continuous
 62
     7
370
    25
100
AcDbLine
 10
27.8109848885
 20
-534.2535986356
 30
0.0
 11
27.8109848885
 21
-549.2535986356
 31
0.0
  0
LINE
  5
6B2
330
1F
100
AcDbEntity
  8
0
  6
Continuous
 62
     7
370
    25
100
AcDbLine
 10
32.8109848885
 20
-549.2535986356
 30
0.0
 11
27.8109848885
 21
-549.2535986356
 31
0.0
  0
LINE
  5
6B3
330
1F
100
AcDbEntity
  8
0
  6
Continuous
 62
     7
370
    25
100
AcDbLine
 10
32.8109848885
 20
-564.2535986356
 30
0.0
 11
32.8109848885
 21
-549.2535986356
 31
0.0
  0
LINE
  5
6B4
330
1F
100
AcDbEntity
  8
0
  6
Continuous
 62
     7
370
    25
100
AcDbLine
 10
27.8109848885
 20
-564.2535986356
 30
0.0
 11
32.8109848885
 21
-564.2535986356
 31
0.0
  0
LINE
  5
6B5
330
1F
100
AcDbEntity
  8
0
  6
Continuous
 62
     7
370
    25
100
AcDbLine
 10
27.8109848885
 20
-564.2535986356
 30
0.0
 11
27.8109848885
 21
-584.2535986356
 31
0.0
  0
LINE
  5
6B6
330
1F
100
AcDbEntity
  8
0
  6
Continuous
 62
     7
370
    25
100
AcDbLine
 10
32.8109848885
 20
-584.2535986356
 30
0.0
 11
27.8109848885
 21
-584.2535986356
 31
0.0
  0
LINE
  5
6B7
330
1F
100
AcDbEntity
  8
0
  6
Continuous
 62
     7
370
    25
100
AcDbLine
 10
32.8109848885
 20
-599.2535986356
 30
0.0
 11
32.8109848885
 21
-584.2535986356
 31
0.0
  0
LINE
  5
6B8
330
1F
100
AcDbEntity
  8
0
  6
Continuous
 62
     7
370
    25
100
AcDbLine
 10
27.8109848885
 20
-599.2535986356
 30
0.0
 11
32.8109848885
 21
-599.2535986356
 31
0.0
  0
LINE
  5
6B9
330
1F
100
AcDbEntity
  8
0
  6
Continuous
 62
     7
370
    25
100
AcDbLine
 10
27.8109848885
 20
-599.2535986356
 30
0.0
 11
27.8109848885
 21
-614.2535986356
 31
0.0
  0
LINE
  5
6BA
330
1F
100
AcDbEntity
  8
0
  6
Continuous
 62
     7
370
    25
100
AcDbLine
 10
27.8109848885
 20
-614.2535986356
 30
0.0
 11
-2.1890151115
 21
-614.2535986356
 31
0.0
  0
LINE
  5
6BB
330
1F
100
AcDbEntity
  8
0
  6
Continuous
 62
     7
370
    25
100
AcDbLine
 10
-2.1890151115
 20
-614.2535986356
 30
0.0
 11
-2.1890151115
 21
-619.2535986356
 31
0.0
  0
LINE
  5
6BC
330
1F
100
AcDbEntity
  8
0
  6
Continuous
 62
     7
370
    25
100
AcDbLine
 10
-2.1890151115
 20
-619.2535986356
 30
0.0
 11
-27.1890151115
 21
-619.2535986356
 31
0.0
  0
LINE
  5
6BD
330
1F
100
AcDbEntity
  8
0
  6
Continuous
 62
     7
370
    25
100
AcDbLine
 10
-27.1890151115
 20
-614.2535986356
 30
0.0
 11
-27.1890151115
 21
-619.2535986356
 31
0.0
  0
LINE
  5
6BE
330
1F
100
AcDbEntity
  8
0
  6
Continuous
 62
     7
370
    25
100
AcDbLine
 10
-27.1890151115
 20
-614.2535986356
 30
0.0
 11
-63.8556817782
 21
-614.2535986356
 31
0.0
  0
LINE
  5
6BF
330
1F
100
AcDbEntity
  8
0
  6
Continuous
 62
     7
370
    25
100
AcDbLine
 10
-63.8556817782
 20
-614.2535986356
 30
0.0
 11
-63.8556817782
 21
-619.2535986356
 31
0.0
  0
LINE
  5
6C0
330
1F
100
AcDbEntity
  8
0
  6
Continuous
 62
     7
370
    25
100
AcDbLine
 10
-63.8556817782
 20
-619.2535986356
 30
0.0
 11
-88.8556817782
 21
-619.2535986356
 31
0.0
  0
LINE
  5
6C1
330
1F
100
AcDbEntity
  8
0
  6
Continuous
 62
     7
370
    25
100
AcDbLine
 10
-88.8556817782
 20
-614.2535986356
 30
0.0
 11
-88.8556817782
 21
-619.2535986356
 31
0.0
  0
LINE
  5
6C2
330
1F
100
AcDbEntity
  8
0
  6
Continuous
 62
     7
370
    25
100
AcDbLine
 10
-88.8556817782
 20
-614.2535986356
 30
0.0
 11
-125.5223484449
 21
-614.2535986356
 31
0.0
  0
LINE
  5
6C3
330
1F
100
AcDbEntity
  8
0
  6
Continuous
 62
     7
370
    25
100
AcDbLine
 10
-125.5223484449
 20
-614.2535986356
 30
0.0
 11
-125.5223484449
 21
-619.2535986356
 31
0.0
  0
LINE
  5
6C4
330
1F
100
AcDbEntity
  8
0
  6
Continuous
 62
     7
370
    25
100
AcDbLine
 10
-125.5223484449
 20
-619.2535986356
 30
0.0
 11
-150.5223484449
 21
-619.2535986356
 31
0.0
  0
LINE
  5
6C5
330
1F
100
AcDbEntity
  8
0
  6
Continuous
 62
     7
370
    25
100
AcDbLine
 10
-150.5223484449
 20
-614.2535986356
 30
0.0
 11
-150.5223484449
 21
-619.2535986356
 31
0.0
  0
LINE
  5
6C6
330
1F
100
AcDbEntity
  8
0
  6
Continuous
 62
     7
370
    25
100
AcDbLine
 10
-150.5223484449
 20
-614.2535986356
 30
0.0
 11
-187.1890151115
 21
-614.2535986356
 31
0.0
  0
LINE
  5
6C7
330
1F
100
AcDbEntity
  8
0
  6
Continuous
 62
     7
370
    25
100
AcDbLine
 10
-187.1890151115
 20
-614.2535986356
 30
0.0
 11
-187.1890151115
 21
-619.2535986356
 31
0.0
  0
LINE
  5
6C8
330
1F
100
AcDbEntity
  8
0
  6
Continuous
 62
     7
370
    25
100
AcDbLine
 10
-187.1890151115
 20
-619.2535986356
 30
0.0
 11
-212.1890151115
 21
-619.2535986356
 31
0.0
  0
LINE
  5
6C9
330
1F
100
AcDbEntity
  8
0
  6
Continuous
 62
     7
370
    25
100
AcDbLine
 10
-212.1890151115
 20
-614.2535986356
 30
0.0
 11
-212.1890151115
 21
-619.2535986356
 31
0.0
  0
LINE
  5
6CA
330
1F
100
AcDbEntity
  8
0
  6
Continuous
 62
     7
370
    25
100
AcDbLine
 10
-212.1890151115
 20
-614.2535986356
 30
0.0
 11
-242.1890151115
 21
-614.2535986356
 31
0.0
  0
LINE
  5
6CB
330
1F
100
AcDbEntity
  8
0
  6
Continuous
 62
     7
370
    25
100
AcDbLine
 10
-242.1890151115
 20
-584.2535986356
 30
0.0
 11
-242.1890151115
 21
-614.2535986356
 31
0.0
  0
LINE
  5
6CC
330
1F
100
AcDbEntity
  8
0
  6
Continuous
 62
     7
370
    25
100
AcDbLine
 10
-242.1890151115
 20
-584.2535986356
 30
0.0
 11
-247.1890151115
 21
-584.2535986356
 31
0.0
  0
LINE
  5
6CD
330
1F
100
AcDbEntity
  8
0
  6
Continuous
 62
     7
370
    25
100
AcDbLine
 10
-242.1890151115
 20
-559.2535986356
 30
0.0
 11
-247.1890151115
 21
-559.2535986356
 31
0.0
  0
LINE
  5
6CE
330
1F
100
AcDbEntity
  8
0
  6
Continuous
 62
     7
370
    25
100
AcDbLine
 10
-242.1890151115
 20
-518.7583529747
 30
0.0
 11
-242.1890151115
 21
-559.2535986356
 31
0.0
  0
LINE
  5
6CF
330
1F
100
AcDbEntity
  8
0
  6
Continuous
 62
     7
370
    25
100
AcDbLine
 10
-242.1890151115
 20
-518.7583529747
 30
0.0
 11
-247.1890151115
 21
-518.7583529747
 31
0.0
  0
LINE
  5
6D0
330
1F
100
AcDbEntity
  8
0
  6
Continuous
 62
     7
370
    25
100
AcDbLine
 10
-247.1890151115
 20
-518.7583529747
 30
0.0
 11
-247.1890151115
 21
-493.7583529747
 31
0.0
  0
LINE
  5
6D1
330
1F
100
AcDbEntity
  8
0
  6
Continuous
 62
     7
370
    25
100
AcDbLine
 10
-242.1890151115
 20
-493.7583529747
 30
0.0
 11
-247.1890151115
 21
-493.7583529747
 31
0.0
  0
LINE
  5
6D2
330
1F
100
AcDbEntity
  8
0
  6
Continuous
 62
     7
370
    25
100
AcDbLine
 10
-242.1890151115
 20
-453.2631073139
 30
0.0
 11
-242.1890151115
 21
-493.7583529747
 31
0.0
  0
LINE
  5
6D3
330
1F
100
AcDbEntity
  8
0
  6
Continuous
 62
     7
370
    25
100
AcDbLine
 10
-242.1890151115
 20
-453.2631073139
 30
0.0
 11
-247.1890151115
 21
-453.2631073139
 31
0.0
  0
LINE
  5
6D4
330
1F
100
AcDbEntity
  8
0
  6
Continuous
 62
     7
370
    25
100
AcDbLine
 10
-247.1890151115
 20
-453.2631073139
 30
0.0
 11
-247.1890151115
 21
-428.2631073139
 31
0.0
  0
LINE
  5
6D5
330
1F
100
AcDbEntity
  8
0
  6
Continuous
 62
     7
370
    25
100
AcDbLine
 10
-242.1890151115
 20
-428.2631073139
 30
0.0
 11
-247.1890151115
 21
-428.2631073139
 31
0.0
  0
LINE
  5
6D6
330
1F
100
AcDbEntity
  8
0
  6
Continuous
 62
     7
370
    25
100
AcDbLine
 10
-242.1890151115
 20
-387.7678616531
 30
0.0
 11
-242.1890151115
 21
-428.2631073139
 31
0.0
  0
LINE
  5
6D7
330
1F
100
AcDbEntity
  8
0
  6
Continuous
 62
     7
370
    25
100
AcDbLine
 10
-242.1890151115
 20
-387.7678616531
 30
0.0
 11
-247.1890151115
 21
-387.7678616531
 31
0.0
  0
LINE
  5
6D8
330
1F
100
AcDbEntity
  8
0
  6
Continuous
 62
     7
370
    25
100
AcDbLine
 10
-247.1890151115
 20
-387.7678616531
 30
0.0
 11
-247.1890151115
 21
-362.7678616531
 31
0.0
  0
LINE
  5
6D9
330
1F
100
AcDbEntity
  8
0
  6
Continuous
 62
     7
370
    25
100
AcDbLine
 10
-242.1890151115
 20
-362.7678616531
 30
0.0
 11
-247.1890151115
 21
-362.7678616531
 31
0.0
  0
LINE
  5
6DA
330
1F
100
AcDbEntity
  8
0
  6
Continuous
 62
     7
370
    25
100
AcDbLine
 10
-242.1890151115
 20
-322.2726159923
 30
0.0
 11
-242.1890151115
 21
-362.7678616531
 31
0.0
  0
LINE
  5
6DB
330
1F
100
AcDbEntity
  8
0
  6
Continuous
 62
     7
370
    25
100
AcDbLine
 10
-242.1890151115
 20
-322.2726159923
 30
0.0
 11
-247.1890151115
 21
-322.2726159923
 31
0.0
  0
LINE
  5
6DC
330
1F
100
AcDbEntity
  8
0
  6
Continuous
 62
     7
370
    25
100
AcDbLine
 10
-247.1890151115
 20
-322.2726159923
 30
0.0
 11
-247.1890151115
 21
-297.2726159923
 31
0.0
  0
LINE
  5
6DD
330
1F
100
AcDbEntity
  8
0
  6
Continuous
 62
     7
370
    25
100
AcDbLine
 10
-242.1890151115
 20
-267.2726159923
 30
0.0
 11
-242.1890151115
 21
-297.2726159923
 31
0.0
  0
LINE
  5
6DE
330
1F
100
AcDbEntity
  8
0
  6
Continuous
 62
     7
370
    25
100
AcDbLine
 10
-212.1890151115
 20
-267.2726159923
 30
0.0
 11
-212.1890151115
 21
-262.2726159923
 31
0.0
  0
LINE
  5
6DF
330
1F
100
AcDbEntity
  8
0
  6
Continuous
 62
     7
370
    25
100
AcDbLine
 10
-212.1890151115
 20
-262.2726159923
 30
0.0
 11
-187.1890151115
 21
-262.2726159923
 31
0.0
  0
LINE
  5
6E0
330
1F
100
AcDbEntity
  8
0
  6
Continuous
 62
     7
370
    25
100
AcDbLine
 10
-187.1890151115
 20
-267.2726159923
 30
0.0
 11
-161.5722206114
 21
-267.2726159923
 31
0.0
  0
LINE
  5
6E1
330
1F
100
AcDbEntity
  8
0
  6
Continuous
 62
     7
370
    25
100
AcDbLine
 10
-161.5722206114
 20
-267.2726159923
 30
0.0
 11
-161.5722206114
 21
-262.2726159923
 31
0.0
  0
LINE
  5
6E2
330
1F
100
AcDbEntity
  8
0
  6
Continuous
 62
     7
370
    25
100
AcDbLine
 10
-161.5722206114
 20
-262.2726159923
 30
0.0
 11
-136.5722206114
 21
-262.2726159923
 31
0.0
  0
LINE
  5
6E3
330
1F
100
AcDbEntity
  8
0
  6
Continuous
 62
     7
370
    25
100
AcDbLine
 10
-136.5722206114
 20
-267.2726159923
 30
0.0
 11
-136.5722206114
 21
-262.2726159923
 31
0.0
  0
LINE
  5
6E4
330
1F
100
AcDbEntity
  8
0
  6
Continuous
 62
     7
370
    25
100
AcDbLine
 10
-136.5722206114
 20
-267.2726159923
 30
0.0
 11
-101.5722206114
 21
-267.2726159923
 31
0.0
  0
LINE
  5
6E5
330
1F
100
AcDbEntity
  8
0
  6
Continuous
 62
     7
370
    25
100
AcDbLine
 10
-96.5722206114
 20
-272.2726159923
 30
0.0
 11
-101.5722206114
 21
-272.2726159923
 31
0.0
  0
LINE
  5
6E6
330
1F
100
AcDbEntity
  8
0
  6
Continuous
 62
     7
370
    25
100
AcDbLine
 10
-96.5722206114
 20
-277.2726159923
 30
0.0
 11
-96.5722206114
 21
-272.2726159923
 31
0.0
  0
LINE
  5
6E7
330
1F
100
AcDbEntity
  8
0
  6
Continuous
 62
     7
370
    25
100
AcDbLine
 10
-101.5722206114
 20
-277.2726159923
 30
0.0
 11
-96.5722206114
 21
-277.2726159923
 31
0.0
  0
LINE
  5
6E8
330
1F
100
AcDbEntity
  8
0
  6
Continuous
 62
     7
370
    25
100
AcDbLine
 10
-101.5722206114
 20
-287.2726159923
 30
0.0
 11
-101.5722206114
 21
-277.2726159923
 31
0.0
  0
LINE
  5
6E9
330
1F
100
AcDbEntity
  8
0
  6
Continuous
 62
     7
370
    25
100
AcDbLine
 10
-96.5722206114
 20
-287.2726159923
 30
0.0
 11
-101.5722206114
 21
-287.2726159923
 31
0.0
  0
LINE
  5
6EA
330
1F
100
AcDbEntity
  8
0
  6
Continuous
 62
     7
370
    25
100
AcDbLine
 10
-96.5722206114
 20
-292.2726159923
 30
0.0
 11
-96.5722206114
 21
-287.2726159923
 31
0.0
  0
LINE
  5
6EB
330
1F
100
AcDbEntity
  8
0
  6
Continuous
 62
     7
370
    25
100
AcDbLine
 10
-101.5722206114
 20
-292.2726159923
 30
0.0
 11
-96.5722206114
 21
-292.2726159923
 31
0.0
  0
LINE
  5
6EC
330
1F
100
AcDbEntity
  8
0
  6
Continuous
 62
     7
370
    25
100
AcDbLine
 10
-101.5722206114
 20
-297.2726159923
 30
0.0
 11
-101.5722206114
 21
-292.2726159923
 31
0.0
  0
LINE
  5
6ED
330
1F
100
AcDbEntity
  8
0
  6
Continuous
 62
     7
370
    25
100
AcDbLine
 10
-96.5722206114
 20
-297.2726159923
 30
0.0
 11
-101.5722206114
 21
-297.2726159923
 31
0.0
  0
LINE
  5
6EE
330
1F
100
AcDbEntity
  8
0
  6
Continuous
 62
     7
370
    25
100
AcDbLine
 10
-100.960757327
 20
-299.6686012793
 30
0.0
 11
-96.5722206114
 21
-297.2726159923
 31
0.0
  0
LINE
  5
6EF
330
1F
100
AcDbEntity
  8
0
  6
Continuous
 62
     7
370
    25
100
AcDbLine
 10
-100.960757327
 20
-299.6686012793
 30
0.0
 11
-87.732994704
 21
-323.8968476926
 31
0.0
  0
LINE
  5
6F0
330
1F
100
AcDbEntity
  8
0
  6
Continuous
 62
     7
370
    25
100
AcDbLine
 10
-83.3444579884
 20
-321.5008624055
 30
0.0
 11
-87.732994704
 21
-323.8968476926
 31
0.0
  0
LINE
  5
6F1
330
1F
100
AcDbEntity
  8
0
  6
Continuous
 62
     7
370
    25
100
AcDbLine
 10
-83.3444579884
 20
-321.5008624055
 30
0.0
 11
-71.3645315532
 21
-343.4435459836
 31
0.0
  0
LINE
  5
6F2
330
1F
100
AcDbEntity
  8
0
  6
Continuous
 62
     7
370
    25
100
AcDbLine
 10
-75.7530682688
 20
-345.8395312707
 30
0.0
 11
-71.3645315532
 21
-343.4435459836
 31
0.0
  0
LINE
  5
6F3
330
1F
100
AcDbEntity
  8
0
  6
Continuous
 62
     7
370
    25
100
AcDbLine
 10
-75.7530682688
 20
-345.8395312707
 30
0.0
 11
-58.1825094972
 21
-378.0221338518
 31
0.0
  0
LINE
  5
6F4
330
1F
100
AcDbEntity
  8
0
  6
Continuous
 62
     7
370
    25
100
AcDbLine
 10
-53.7939727816
 20
-375.6261485648
 30
0.0
 11
-58.1825094972
 21
-378.0221338518
 31
0.0
  0
LINE
  5
6F5
330
1F
100
AcDbEntity
  8
0
  6
Continuous
 62
     7
370
    25
100
AcDbLine
 10
-53.7939727816
 20
-375.6261485648
 30
0.0
 11
-41.8140463464
 21
-397.5688321429
 31
0.0
  0
LINE
  5
6F6
330
1F
100
AcDbEntity
  8
0
  6
Continuous
 62
     7
370
    25
100
AcDbLine
 10
-46.202583062
 20
-399.9648174299
 30
0.0
 11
-41.8140463464
 21
-397.5688321429
 31
0.0
  0
LINE
  5
6F7
330
1F
100
AcDbEntity
  8
0
  6
Continuous
 62
     7
370
    25
100
AcDbLine
 10
-46.202583062
 20
-399.9648174299
 30
0.0
 11
-28.6320242904
 21
-432.1474200111
 31
0.0
  0
LINE
  5
6F8
330
1F
100
AcDbEntity
  8
0
  6
Continuous
 62
     7
370
    25
100
AcDbLine
 10
-24.2434875748
 20
-429.7514347241
 30
0.0
 11
-28.6320242904
 21
-432.1474200111
 31
0.0
  0
LINE
  5
6F9
330
1F
100
AcDbEntity
  8
0
  6
Continuous
 62
     7
370
    25
100
AcDbLine
 10
-24.2434875748
 20
-429.7514347241
 30
0.0
 11
-12.2635611396
 21
-451.6941183022
 31
0.0
  0
LINE
  5
6FA
330
1F
100
AcDbEntity
  8
0
  6
Continuous
 62
     7
370
    25
100
AcDbLine
 10
-16.6520978553
 20
-454.0901035892
 30
0.0
 11
-12.2635611396
 21
-451.6941183022
 31
0.0
  0
LINE
  5
6FB
330
1F
100
AcDbEntity
  8
0
  6
Continuous
 62
     7
370
    25
100
AcDbLine
 10
-16.6520978553
 20
-454.0901035892
 30
0.0
 11
0.9184609163
 21
-486.2727061704
 31
0.0
  0
LINE
  5
6FC
330
1F
100
AcDbEntity
  8
0
  6
Continuous
 62
     7
370
    25
100
AcDbLine
 10
5.306997632
 20
-483.8767208833
 30
0.0
 11
0.9184609163
 21
-486.2727061704
 31
0.0
  0
LINE
  5
6FD
330
1F
100
AcDbEntity
  8
0
  6
Continuous
 62
     7
370
    25
100
AcDbLine
 10
5.306997632
 20
-483.8767208833
 30
0.0
 11
17.2869240671
 21
-505.8194044614
 31
0.0
  0
LINE
  5
6FE
330
1F
100
AcDbEntity
  8
0
  6
Continuous
 62
     7
370
    25
100
AcDbLine
 10
12.8983873515
 20
-508.2153897485
 30
0.0
 11
17.2869240671
 21
-505.8194044614
 31
0.0
  0
LINE
  5
6FF
330
1F
100
AcDbEntity
  8
0
  6
Continuous
 62
     7
370
    25
100
AcDbLine
 10
12.8983873515
 20
-508.2153897485
 30
0.0
 11
27.2742990737
 21
-534.5466100421
 31
0.0
  0
LINE
  5
700
330
1F
100
AcDbEntity
  8
0
  6
Continuous
 62
     7
370
    25
100
AcDbLine
 10
27.2742990737
 20
-534.5466100421
 30
0.0
 11
27.8109848885
 21
-534.2535986356
 31
0.0
  0
LINE
  5
701
330
1F
100
AcDbEntity
  8
0
  6
Continuous
 62
     7
370
    25
100
AcDbLine
 10
-187.1890151115
 20
-267.2726159923
 30
0.0
 11
-187.1890151115
 21
-262.2726159923
 31
0.0
  0
LINE
  5
702
330
1F
100
AcDbEntity
  8
0
  6
Continuous
 62
     7
370
    25
100
AcDbLine
 10
-101.5722206114
 20
-272.2726159923
 30
0.0
 11
-101.5722206114
 21
-267.2726159923
 31
0.0
  0
LINE
  5
703
330
1F
100
AcDbEntity
  8
0
  6
Continuous
 62
     7
370
    25
100
AcDbLine
 10
-242.1890151115
 20
-267.2726159923
 30
0.0
 11
-212.1890151115
 21
-267.2726159923
 31
0.0
  0
LINE
  5
704
330
1F
100
AcDbEntity
  8
0
  6
Continuous
 62
     7
370
    25
100
AcDbLine
 10
-247.1890151115
 20
-584.2535986356
 30
0.0
 11
-247.1890151115
 21
-559.2535986356
 31
0.0
  0
LINE
  5
705
330
1F
100
AcDbEntity
  8
0
  6
Continuous
 62
     7
370
    25
100
AcDbLine
 10
-242.1890151115
 20
-297.2726159923
 30
0.0
 11
-247.1890151115
 21
-297.2726159923
 31
0.0
  0
LINE
  5
706
330
1F
100
AcDbEntity
  8
0
  6
Continuous
 62
     7
370
    25
100
AcDbLine
 10
-369.3893024416
 20
-294.1065977946
 30
0.0
 11
-369.7388382873
 21
-299.0943653004
 31
0.0
  0
LINE
  5
707
330
1F
100
AcDbEntity
  8
0
  6
Continuous
 62
     7
370
    25
100
AcDbLine
 10
-389.340372465
 20
-292.7084544115
 30
0.0
 11
-369.3893024416
 21
-294.1065977946
 31
0.0
  0
LINE
  5
708
330
1F
100
AcDbEntity
  8
0
  6
Continuous
 62
     7
370
    25
100
AcDbLine
 10
-389.6899083108
 20
-297.6962219174
 30
0.0
 11
-389.340372465
 21
-292.7084544115
 31
0.0
  0
LINE
  5
709
330
1F
100
AcDbEntity
  8
0
  6
Continuous
 62
     7
370
    25
100
AcDbLine
 10
-389.6899083108
 20
-297.6962219174
 30
0.0
 11
-369.7388382873
 21
-299.0943653004
 31
0.0
  0
LINE
  5
70A
330
1F
100
AcDbEntity
  8
0
  6
Continuous
 62
     7
370
    25
100
AcDbLine
 10
-359.7633032756
 20
-299.7934369919
 30
0.0
 11
-339.8122332522
 21
-301.191580375
 31
0.0
  0
LINE
  5
70B
330
1F
100
AcDbEntity
  8
0
  6
Continuous
 62
     7
370
    25
100
AcDbLine
 10
-339.4626974064
 20
-296.2038128691
 30
0.0
 11
-339.8122332522
 21
-301.191580375
 31
0.0
  0
LINE
  5
70C
330
1F
100
AcDbEntity
  8
0
  6
Continuous
 62
     7
370
    25
100
AcDbLine
 10
-359.4137674298
 20
-294.8056694861
 30
0.0
 11
-339.4626974064
 21
-296.2038128691
 31
0.0
  0
LINE
  5
70D
330
1F
100
AcDbEntity
  8
0
  6
Continuous
 62
     7
370
    25
100
AcDbLine
 10
-359.7633032756
 20
-299.7934369919
 30
0.0
 11
-359.4137674298
 21
-294.8056694861
 31
0.0
  0
LINE
  5
70E
330
1F
100
AcDbEntity
  8
0
  6
Continuous
 62
     7
370
    25
100
AcDbLine
 10
-329.8366982404
 20
-301.8906520665
 30
0.0
 11
-309.885628217
 21
-303.2887954495
 31
0.0
  0
LINE
  5
70F
330
1F
100
AcDbEntity
  8
0
  6
Continuous
 62
     7
370
    25
100
AcDbLine
 10
-309.5360923712
 20
-298.3010279437
 30
0.0
 11
-309.885628217
 21
-303.2887954495
 31
0.0
  0
LINE
  5
710
330
1F
100
AcDbEntity
  8
0
  6
Continuous
 62
     7
370
    25
100
AcDbLine
 10
-329.4871623947
 20
-296.9028845606
 30
0.0
 11
-309.5360923712
 21
-298.3010279437
 31
0.0
  0
LINE
  5
711
330
1F
100
AcDbEntity
  8
0
  6
Continuous
 62
     7
370
    25
100
AcDbLine
 10
-329.8366982404
 20
-301.8906520665
 30
0.0
 11
-329.4871623947
 21
-296.9028845606
 31
0.0
  0
LINE
  5
712
330
1F
100
AcDbEntity
  8
0
  6
Continuous
 62
     7
370
    25
100
AcDbLine
 10
-386.3789821172
 20
-506.3635936393
 30
0.0
 11
-406.0751371775
 21
-509.8365571926
 31
0.0
  0
LINE
  5
713
330
1F
100
AcDbEntity
  8
0
  6
Continuous
 62
     7
370
    25
100
AcDbLine
 10
-405.2068962891
 20
-514.7605959577
 30
0.0
 11
-406.0751371775
 21
-509.8365571926
 31
0.0
  0
LINE
  5
714
330
1F
100
AcDbEntity
  8
0
  6
Continuous
 62
     7
370
    25
100
AcDbLine
 10
-385.5107412289
 20
-511.2876324043
 30
0.0
 11
-405.2068962891
 21
-514.7605959577
 31
0.0
  0
LINE
  5
715
330
1F
100
AcDbEntity
  8
0
  6
Continuous
 62
     7
370
    25
100
AcDbLine
 10
-386.3789821172
 20
-506.3635936393
 30
0.0
 11
-385.5107412289
 21
-511.2876324043
 31
0.0
  0
LINE
  5
716
330
1F
100
AcDbEntity
  8
0
  6
Continuous
 62
     7
370
    25
100
AcDbLine
 10
-440.5434085329
 20
-515.9142434109
 30
0.0
 11
-460.2395635931
 21
-519.3872069643
 31
0.0
  0
LINE
  5
717
330
1F
100
AcDbEntity
  8
0
  6
Continuous
 62
     7
370
    25
100
AcDbLine
 10
-459.3713227048
 20
-524.3112457293
 30
0.0
 11
-460.2395635931
 21
-519.3872069643
 31
0.0
  0
LINE
  5
718
330
1F
100
AcDbEntity
  8
0
  6
Continuous
 62
     7
370
    25
100
AcDbLine
 10
-439.6751676446
 20
-520.838282176
 30
0.0
 11
-459.3713227048
 21
-524.3112457293
 31
0.0
  0
LINE
  5
719
330
1F
100
AcDbEntity
  8
0
  6
Continuous
 62
     7
370
    25
100
AcDbLine
 10
-440.5434085329
 20
-515.9142434109
 30
0.0
 11
-439.6751676446
 21
-520.838282176
 31
0.0
  0
LINE
  5
71A
330
1F
100
AcDbEntity
  8
0
  6
Continuous
 62
     7
370
    25
100
AcDbLine
 10
-494.7078349486
 20
-525.4648931826
 30
0.0
 11
-514.4039900088
 21
-528.937856736
 31
0.0
  0
LINE
  5
71B
330
1F
100
AcDbEntity
  8
0
  6
Continuous
 62
     7
370
    25
100
AcDbLine
 10
-513.5357491205
 20
-533.861895501
 30
0.0
 11
-514.4039900088
 21
-528.937856736
 31
0.0
  0
LINE
  5
71C
330
1F
100
AcDbEntity
  8
0
  6
Continuous
 62
     7
370
    25
100
AcDbLine
 10
-493.8395940602
 20
-530.3889319477
 30
0.0
 11
-513.5357491205
 21
-533.861895501
 31
0.0
  0
LINE
  5
71D
330
1F
100
AcDbEntity
  8
0
  6
Continuous
 62
     7
370
    25
100
AcDbLine
 10
-494.7078349486
 20
-525.4648931826
 30
0.0
 11
-493.8395940602
 21
-530.3889319477
 31
0.0
  0
LINE
  5
71E
330
1F
100
AcDbEntity
  8
0
  6
Continuous
 62
     7
370
    25
100
AcDbLine
 10
-524.1115862972
 20
-507.2408522905
 30
0.0
 11
-528.5001230128
 21
-504.8448670035
 31
0.0
  0
LINE
  5
71F
330
1F
100
AcDbEntity
  8
0
  6
Continuous
 62
     7
370
    25
100
AcDbLine
 10
-516.5201965776
 20
-482.9021834254
 30
0.0
 11
-528.5001230128
 21
-504.8448670035
 31
0.0
  0
LINE
  5
720
330
1F
100
AcDbEntity
  8
0
  6
Continuous
 62
     7
370
    25
100
AcDbLine
 10
-516.5201965776
 20
-482.9021834254
 30
0.0
 11
-512.131659862
 21
-485.2981687124
 31
0.0
  0
LINE
  5
721
330
1F
100
AcDbEntity
  8
0
  6
Continuous
 62
     7
370
    25
100
AcDbLine
 10
-494.5611010904
 20
-453.1155661313
 30
0.0
 11
-512.131659862
 21
-485.2981687124
 31
0.0
  0
LINE
  5
722
330
1F
100
AcDbEntity
  8
0
  6
Continuous
 62
     7
370
    25
100
AcDbLine
 10
-494.5611010904
 20
-453.1155661313
 30
0.0
 11
-498.949637806
 21
-450.7195808442
 31
0.0
  0
LINE
  5
723
330
1F
100
AcDbEntity
  8
0
  6
Continuous
 62
     7
370
    25
100
AcDbLine
 10
-486.9697113708
 20
-428.7768972661
 30
0.0
 11
-498.949637806
 21
-450.7195808442
 31
0.0
  0
LINE
  5
724
330
1F
100
AcDbEntity
  8
0
  6
Continuous
 62
     7
370
    25
100
AcDbLine
 10
-486.9697113708
 20
-428.7768972661
 30
0.0
 11
-482.5811746552
 21
-431.1728825532
 31
0.0
  0
LINE
  5
725
330
1F
100
AcDbEntity
  8
0
  6
Continuous
 62
     7
370
    25
100
AcDbLine
 10
-465.0106158836
 20
-398.990279972
 30
0.0
 11
-482.5811746552
 21
-431.1728825532
 31
0.0
  0
LINE
  5
726
330
1F
100
AcDbEntity
  8
0
  6
Continuous
 62
     7
370
    25
100
AcDbLine
 10
-465.0106158836
 20
-398.990279972
 30
0.0
 11
-469.3991525992
 21
-396.594294685
 31
0.0
  0
LINE
  5
727
330
1F
100
AcDbEntity
  8
0
  6
Continuous
 62
     7
370
    25
100
AcDbLine
 10
-457.4192261641
 20
-374.6516111069
 30
0.0
 11
-469.3991525992
 21
-396.594294685
 31
0.0
  0
LINE
  5
728
330
1F
100
AcDbEntity
  8
0
  6
Continuous
 62
     7
370
    25
100
AcDbLine
 10
-457.4192261641
 20
-374.6516111069
 30
0.0
 11
-453.0306894484
 21
-377.0475963939
 31
0.0
  0
LINE
  5
729
330
1F
100
AcDbEntity
  8
0
  6
Continuous
 62
     7
370
    25
100
AcDbLine
 10
-435.4601306769
 20
-344.8649938127
 30
0.0
 11
-453.0306894484
 21
-377.0475963939
 31
0.0
  0
LINE
  5
72A
330
1F
100
AcDbEntity
  8
0
  6
Continuous
 62
     7
370
    25
100
AcDbLine
 10
-435.4601306769
 20
-344.8649938127
 30
0.0
 11
-439.8486673925
 21
-342.4690085257
 31
0.0
  0
LINE
  5
72B
330
1F
100
AcDbEntity
  8
0
  6
Continuous
 62
     7
370
    25
100
AcDbLine
 10
-427.8687409573
 20
-320.5263249476
 30
0.0
 11
-439.8486673925
 21
-342.4690085257
 31
0.0
  0
LINE
  5
72C
330
1F
100
AcDbEntity
  8
0
  6
Continuous
 62
     7
370
    25
100
AcDbLine
 10
-427.8687409573
 20
-320.5263249476
 30
0.0
 11
-423.4802042417
 21
-322.9223102347
 31
0.0
  0
LINE
  5
72D
330
1F
100
AcDbEntity
  8
0
  6
Continuous
 62
     7
370
    25
100
AcDbLine
 10
-410.2524416186
 20
-298.6940638214
 30
0.0
 11
-423.4802042417
 21
-322.9223102347
 31
0.0
  0
LINE
  5
72E
330
1F
100
AcDbEntity
  8
0
  6
Continuous
 62
     7
370
    25
100
AcDbLine
 10
-410.2524416186
 20
-298.6940638214
 30
0.0
 11
-414.6409783342
 21
-296.2980785344
 31
0.0
  0
LINE
  5
72F
330
1F
100
AcDbEntity
  8
0
  6
Continuous
 62
     7
370
    25
100
AcDbLine
 10
-414.6409783342
 20
-296.2980785344
 30
0.0
 11
-409.6409783342
 21
-296.2980785344
 31
0.0
  0
LINE
  5
730
330
1F
100
AcDbEntity
  8
0
  6
Continuous
 62
     7
370
    25
100
AcDbLine
 10
-409.6409783342
 20
-296.2980785344
 30
0.0
 11
-409.6409783342
 21
-291.2980785344
 31
0.0
  0
LINE
  5
731
330
1F
100
AcDbEntity
  8
0
  6
Continuous
 62
     7
370
    25
100
AcDbLine
 10
-409.6409783342
 20
-291.2980785344
 30
0.0
 11
-414.6409783342
 21
-291.2980785344
 31
0.0
  0
LINE
  5
732
330
1F
100
AcDbEntity
  8
0
  6
Continuous
 62
     7
370
    25
100
AcDbLine
 10
-414.6409783342
 20
-291.2980785344
 30
0.0
 11
-414.6409783342
 21
-286.2980785344
 31
0.0
  0
LINE
  5
733
330
1F
100
AcDbEntity
  8
0
  6
Continuous
 62
     7
370
    25
100
AcDbLine
 10
-414.6409783342
 20
-286.2980785344
 30
0.0
 11
-409.6409783342
 21
-286.2980785344
 31
0.0
  0
LINE
  5
734
330
1F
100
AcDbEntity
  8
0
  6
Continuous
 62
     7
370
    25
100
AcDbLine
 10
-409.6409783342
 20
-286.2980785344
 30
0.0
 11
-409.6409783342
 21
-276.2980785344
 31
0.0
  0
LINE
  5
735
330
1F
100
AcDbEntity
  8
0
  6
Continuous
 62
     7
370
    25
100
AcDbLine
 10
-409.6409783342
 20
-276.2980785344
 30
0.0
 11
-414.6409783342
 21
-276.2980785344
 31
0.0
  0
LINE
  5
736
330
1F
100
AcDbEntity
  8
0
  6
Continuous
 62
     7
370
    25
100
AcDbLine
 10
-414.6409783342
 20
-276.2980785344
 30
0.0
 11
-414.6409783342
 21
-271.2980785344
 31
0.0
  0
LINE
  5
737
330
1F
100
AcDbEntity
  8
0
  6
Continuous
 62
     7
370
    25
100
AcDbLine
 10
-414.6409783342
 20
-271.2980785344
 30
0.0
 11
-409.6409783342
 21
-271.2980785344
 31
0.0
  0
LINE
  5
738
330
1F
100
AcDbEntity
  8
0
  6
Continuous
 62
     7
370
    25
100
AcDbLine
 10
-409.6409783342
 20
-271.2980785344
 30
0.0
 11
-409.6409783342
 21
-266.2980785344
 31
0.0
  0
LINE
  5
739
330
1F
100
AcDbEntity
  8
0
  6
Continuous
 62
     7
370
    25
100
AcDbLine
 10
-374.6409783342
 20
-266.2980785344
 30
0.0
 11
-409.6409783342
 21
-266.2980785344
 31
0.0
  0
LINE
  5
73A
330
1F
100
AcDbEntity
  8
0
  6
Continuous
 62
     7
370
    25
100
AcDbLine
 10
-374.6409783342
 20
-266.2980785344
 30
0.0
 11
-374.6409783342
 21
-261.2980785344
 31
0.0
  0
LINE
  5
73B
330
1F
100
AcDbEntity
  8
0
  6
Continuous
 62
     7
370
    25
100
AcDbLine
 10
-349.6409783342
 20
-261.2980785344
 30
0.0
 11
-374.6409783342
 21
-261.2980785344
 31
0.0
  0
LINE
  5
73C
330
1F
100
AcDbEntity
  8
0
  6
Continuous
 62
     7
370
    25
100
AcDbLine
 10
-349.6409783342
 20
-266.2980785344
 30
0.0
 11
-349.6409783342
 21
-261.2980785344
 31
0.0
  0
LINE
  5
73D
330
1F
100
AcDbEntity
  8
0
  6
Continuous
 62
     7
370
    25
100
AcDbLine
 10
-324.0241838341
 20
-266.2980785344
 30
0.0
 11
-349.6409783342
 21
-266.2980785344
 31
0.0
  0
LINE
  5
73E
330
1F
100
AcDbEntity
  8
0
  6
Continuous
 62
     7
370
    25
100
AcDbLine
 10
-324.0241838341
 20
-266.2980785344
 30
0.0
 11
-324.0241838341
 21
-261.2980785344
 31
0.0
  0
LINE
  5
73F
330
1F
100
AcDbEntity
  8
0
  6
Continuous
 62
     7
370
    25
100
AcDbLine
 10
-299.0241838341
 20
-261.2980785344
 30
0.0
 11
-324.0241838341
 21
-261.2980785344
 31
0.0
  0
LINE
  5
740
330
1F
100
AcDbEntity
  8
0
  6
Continuous
 62
     7
370
    25
100
AcDbLine
 10
-299.0241838341
 20
-266.2980785344
 30
0.0
 11
-299.0241838341
 21
-261.2980785344
 31
0.0
  0
LINE
  5
741
330
1F
100
AcDbEntity
  8
0
  6
Continuous
 62
     7
370
    25
100
AcDbLine
 10
-269.0241838341
 20
-266.2980785344
 30
0.0
 11
-299.0241838341
 21
-266.2980785344
 31
0.0
  0
LINE
  5
742
330
1F
100
AcDbEntity
  8
0
  6
Continuous
 62
     7
370
    25
100
AcDbLine
 10
-269.0241838341
 20
-266.2980785344
 30
0.0
 11
-269.0241838341
 21
-296.2980785344
 31
0.0
  0
LINE
  5
743
330
1F
100
AcDbEntity
  8
0
  6
Continuous
 62
     7
370
    25
100
AcDbLine
 10
-269.0241838341
 20
-296.2980785344
 30
0.0
 11
-264.0241838341
 21
-296.2980785344
 31
0.0
  0
LINE
  5
744
330
1F
100
AcDbEntity
  8
0
  6
Continuous
 62
     7
370
    25
100
AcDbLine
 10
-264.0241838341
 20
-321.2980785344
 30
0.0
 11
-264.0241838341
 21
-296.2980785344
 31
0.0
  0
LINE
  5
745
330
1F
100
AcDbEntity
  8
0
  6
Continuous
 62
     7
370
    25
100
AcDbLine
 10
-269.0241838341
 20
-321.2980785344
 30
0.0
 11
-264.0241838341
 21
-321.2980785344
 31
0.0
  0
LINE
  5
746
330
1F
100
AcDbEntity
  8
0
  6
Continuous
 62
     7
370
    25
100
AcDbLine
 10
-269.0241838341
 20
-321.2980785344
 30
0.0
 11
-269.0241838341
 21
-361.7933241952
 31
0.0
  0
LINE
  5
747
330
1F
100
AcDbEntity
  8
0
  6
Continuous
 62
     7
370
    25
100
AcDbLine
 10
-269.0241838341
 20
-361.7933241952
 30
0.0
 11
-264.0241838341
 21
-361.7933241952
 31
0.0
  0
LINE
  5
748
330
1F
100
AcDbEntity
  8
0
  6
Continuous
 62
     7
370
    25
100
AcDbLine
 10
-264.0241838341
 20
-386.7933241952
 30
0.0
 11
-264.0241838341
 21
-361.7933241952
 31
0.0
  0
LINE
  5
749
330
1F
100
AcDbEntity
  8
0
  6
Continuous
 62
     7
370
    25
100
AcDbLine
 10
-269.0241838341
 20
-386.7933241952
 30
0.0
 11
-264.0241838341
 21
-386.7933241952
 31
0.0
  0
LINE
  5
74A
330
1F
100
AcDbEntity
  8
0
  6
Continuous
 62
     7
370
    25
100
AcDbLine
 10
-269.0241838341
 20
-386.7933241952
 30
0.0
 11
-269.0241838341
 21
-427.288569856
 31
0.0
  0
LINE
  5
74B
330
1F
100
AcDbEntity
  8
0
  6
Continuous
 62
     7
370
    25
100
AcDbLine
 10
-269.0241838341
 20
-427.288569856
 30
0.0
 11
-264.0241838341
 21
-427.288569856
 31
0.0
  0
LINE
  5
74C
330
1F
100
AcDbEntity
  8
0
  6
Continuous
 62
     7
370
    25
100
AcDbLine
 10
-264.0241838341
 20
-452.288569856
 30
0.0
 11
-264.0241838341
 21
-427.288569856
 31
0.0
  0
LINE
  5
74D
330
1F
100
AcDbEntity
  8
0
  6
Continuous
 62
     7
370
    25
100
AcDbLine
 10
-269.0241838341
 20
-452.288569856
 30
0.0
 11
-264.0241838341
 21
-452.288569856
 31
0.0
  0
LINE
  5
74E
330
1F
100
AcDbEntity
  8
0
  6
Continuous
 62
     7
370
    25
100
AcDbLine
 10
-269.0241838341
 20
-452.288569856
 30
0.0
 11
-269.0241838341
 21
-492.7838155168
 31
0.0
  0
LINE
  5
74F
330
1F
100
AcDbEntity
  8
0
  6
Continuous
 62
     7
370
    25
100
AcDbLine
 10
-269.0241838341
 20
-492.7838155168
 30
0.0
 11
-264.0241838341
 21
-492.7838155168
 31
0.0
  0
LINE
  5
750
330
1F
100
AcDbEntity
  8
0
  6
Continuous
 62
     7
370
    25
100
AcDbLine
 10
-264.0241838341
 20
-517.7838155168
 30
0.0
 11
-264.0241838341
 21
-492.7838155168
 31
0.0
  0
LINE
  5
751
330
1F
100
AcDbEntity
  8
0
  6
Continuous
 62
     7
370
    25
100
AcDbLine
 10
-269.0241838341
 20
-517.7838155168
 30
0.0
 11
-264.0241838341
 21
-517.7838155168
 31
0.0
  0
LINE
  5
752
330
1F
100
AcDbEntity
  8
0
  6
Continuous
 62
     7
370
    25
100
AcDbLine
 10
-269.0241838341
 20
-517.7838155168
 30
0.0
 11
-269.0241838341
 21
-558.2790611776
 31
0.0
  0
LINE
  5
753
330
1F
100
AcDbEntity
  8
0
  6
Continuous
 62
     7
370
    25
100
AcDbLine
 10
-269.0241838341
 20
-558.2790611776
 30
0.0
 11
-264.0241838341
 21
-558.2790611776
 31
0.0
  0
LINE
  5
754
330
1F
100
AcDbEntity
  8
0
  6
Continuous
 62
     7
370
    25
100
AcDbLine
 10
-264.0241838341
 20
-583.2790611776
 30
0.0
 11
-264.0241838341
 21
-558.2790611776
 31
0.0
  0
LINE
  5
755
330
1F
100
AcDbEntity
  8
0
  6
Continuous
 62
     7
370
    25
100
AcDbLine
 10
-269.0241838341
 20
-583.2790611776
 30
0.0
 11
-264.0241838341
 21
-583.2790611776
 31
0.0
  0
LINE
  5
756
330
1F
100
AcDbEntity
  8
0
  6
Continuous
 62
     7
370
    25
100
AcDbLine
 10
-269.0241838341
 20
-583.2790611776
 30
0.0
 11
-269.0241838341
 21
-613.2790611776
 31
0.0
  0
LINE
  5
757
330
1F
100
AcDbEntity
  8
0
  6
Continuous
 62
     7
370
    25
100
AcDbLine
 10
-299.0241838341
 20
-613.2790611776
 30
0.0
 11
-269.0241838341
 21
-613.2790611776
 31
0.0
  0
LINE
  5
758
330
1F
100
AcDbEntity
  8
0
  6
Continuous
 62
     7
370
    25
100
AcDbLine
 10
-299.0241838341
 20
-613.2790611776
 30
0.0
 11
-299.0241838341
 21
-618.2790611776
 31
0.0
  0
LINE
  5
759
330
1F
100
AcDbEntity
  8
0
  6
Continuous
 62
     7
370
    25
100
AcDbLine
 10
-324.0241838341
 20
-618.2790611776
 30
0.0
 11
-299.0241838341
 21
-618.2790611776
 31
0.0
  0
LINE
  5
75A
330
1F
100
AcDbEntity
  8
0
  6
Continuous
 62
     7
370
    25
100
AcDbLine
 10
-324.0241838341
 20
-613.2790611776
 30
0.0
 11
-324.0241838341
 21
-618.2790611776
 31
0.0
  0
LINE
  5
75B
330
1F
100
AcDbEntity
  8
0
  6
Continuous
 62
     7
370
    25
100
AcDbLine
 10
-360.6908505008
 20
-613.2790611776
 30
0.0
 11
-324.0241838341
 21
-613.2790611776
 31
0.0
  0
LINE
  5
75C
330
1F
100
AcDbEntity
  8
0
  6
Continuous
 62
     7
370
    25
100
AcDbLine
 10
-360.6908505008
 20
-613.2790611776
 30
0.0
 11
-360.6908505008
 21
-618.2790611776
 31
0.0
  0
LINE
  5
75D
330
1F
100
AcDbEntity
  8
0
  6
Continuous
 62
     7
370
    25
100
AcDbLine
 10
-385.6908505008
 20
-618.2790611776
 30
0.0
 11
-360.6908505008
 21
-618.2790611776
 31
0.0
  0
LINE
  5
75E
330
1F
100
AcDbEntity
  8
0
  6
Continuous
 62
     7
370
    25
100
AcDbLine
 10
-385.6908505008
 20
-613.2790611776
 30
0.0
 11
-385.6908505008
 21
-618.2790611776
 31
0.0
  0
LINE
  5
75F
330
1F
100
AcDbEntity
  8
0
  6
Continuous
 62
     7
370
    25
100
AcDbLine
 10
-422.3575171675
 20
-613.2790611776
 30
0.0
 11
-385.6908505008
 21
-613.2790611776
 31
0.0
  0
LINE
  5
760
330
1F
100
AcDbEntity
  8
0
  6
Continuous
 62
     7
370
    25
100
AcDbLine
 10
-422.3575171675
 20
-613.2790611776
 30
0.0
 11
-422.3575171675
 21
-618.2790611776
 31
0.0
  0
LINE
  5
761
330
1F
100
AcDbEntity
  8
0
  6
Continuous
 62
     7
370
    25
100
AcDbLine
 10
-447.3575171675
 20
-618.2790611776
 30
0.0
 11
-422.3575171675
 21
-618.2790611776
 31
0.0
  0
LINE
  5
762
330
1F
100
AcDbEntity
  8
0
  6
Continuous
 62
     7
370
    25
100
AcDbLine
 10
-447.3575171675
 20
-613.2790611776
 30
0.0
 11
-447.3575171675
 21
-618.2790611776
 31
0.0
  0
LINE
  5
763
330
1F
100
AcDbEntity
  8
0
  6
Continuous
 62
     7
370
    25
100
AcDbLine
 10
-484.0241838341
 20
-613.2790611776
 30
0.0
 11
-447.3575171675
 21
-613.2790611776
 31
0.0
  0
LINE
  5
764
330
1F
100
AcDbEntity
  8
0
  6
Continuous
 62
     7
370
    25
100
AcDbLine
 10
-484.0241838341
 20
-613.2790611776
 30
0.0
 11
-484.0241838341
 21
-618.2790611776
 31
0.0
  0
LINE
  5
765
330
1F
100
AcDbEntity
  8
0
  6
Continuous
 62
     7
370
    25
100
AcDbLine
 10
-509.0241838341
 20
-618.2790611776
 30
0.0
 11
-484.0241838341
 21
-618.2790611776
 31
0.0
  0
LINE
  5
766
330
1F
100
AcDbEntity
  8
0
  6
Continuous
 62
     7
370
    25
100
AcDbLine
 10
-509.0241838341
 20
-613.2790611776
 30
0.0
 11
-509.0241838341
 21
-618.2790611776
 31
0.0
  0
LINE
  5
767
330
1F
100
AcDbEntity
  8
0
  6
Continuous
 62
     7
370
    25
100
AcDbLine
 10
-539.0241838341
 20
-613.2790611776
 30
0.0
 11
-509.0241838341
 21
-613.2790611776
 31
0.0
  0
LINE
  5
768
330
1F
100
AcDbEntity
  8
0
  6
Continuous
 62
     7
370
    25
100
AcDbLine
 10
-539.0241838341
 20
-598.2790611776
 30
0.0
 11
-539.0241838341
 21
-613.2790611776
 31
0.0
  0
LINE
  5
769
330
1F
100
AcDbEntity
  8
0
  6
Continuous
 62
     7
370
    25
100
AcDbLine
 10
-544.0241838341
 20
-598.2790611776
 30
0.0
 11
-544.0241838341
 21
-583.2790611776
 31
0.0
  0
LINE
  5
76A
330
1F
100
AcDbEntity
  8
0
  6
Continuous
 62
     7
370
    25
100
AcDbLine
 10
-544.0241838341
 20
-583.2790611776
 30
0.0
 11
-539.0241838341
 21
-583.2790611776
 31
0.0
  0
LINE
  5
76B
330
1F
100
AcDbEntity
  8
0
  6
Continuous
 62
     7
370
    25
100
AcDbLine
 10
-539.0241838341
 20
-563.2790611776
 30
0.0
 11
-539.0241838341
 21
-583.2790611776
 31
0.0
  0
LINE
  5
76C
330
1F
100
AcDbEntity
  8
0
  6
Continuous
 62
     7
370
    25
100
AcDbLine
 10
-539.0241838341
 20
-563.2790611776
 30
0.0
 11
-544.0241838341
 21
-563.2790611776
 31
0.0
  0
LINE
  5
76D
330
1F
100
AcDbEntity
  8
0
  6
Continuous
 62
     7
370
    25
100
AcDbLine
 10
-544.0241838341
 20
-563.2790611776
 30
0.0
 11
-544.0241838341
 21
-548.2790611776
 31
0.0
  0
LINE
  5
76E
330
1F
100
AcDbEntity
  8
0
  6
Continuous
 62
     7
370
    25
100
AcDbLine
 10
-544.0241838341
 20
-548.2790611776
 30
0.0
 11
-539.0241838341
 21
-548.2790611776
 31
0.0
  0
LINE
  5
76F
330
1F
100
AcDbEntity
  8
0
  6
Continuous
 62
     7
370
    25
100
AcDbLine
 10
-539.0241838341
 20
-533.2790611776
 30
0.0
 11
-539.0241838341
 21
-548.2790611776
 31
0.0
  0
LINE
  5
770
330
1F
100
AcDbEntity
  8
0
  6
Continuous
 62
     7
370
    25
100
AcDbLine
 10
-538.4874980194
 20
-533.5720725842
 30
0.0
 11
-539.0241838341
 21
-533.2790611776
 31
0.0
  0
LINE
  5
771
330
1F
100
AcDbEntity
  8
0
  6
Continuous
 62
     7
370
    25
100
AcDbLine
 10
-524.1115862972
 20
-507.2408522905
 30
0.0
 11
-538.4874980194
 21
-533.5720725842
 31
0.0
  0
LINE
  5
772
330
1F
100
AcDbEntity
  8
0
  6
Continuous
 62
     7
370
    25
100
AcDbLine
 10
-539.0241838341
 20
-598.2790611776
 30
0.0
 11
-544.0241838341
 21
-598.2790611776
 31
0.0
  0
LINE
  5
773
330
1F
100
AcDbEntity
  8
0
  6
Continuous
 62
     7
370
    25
100
AcDbLine
 10
164.615659063
 20
110.0627025514
 30
0.0
 11
164.615659063
 21
-244.9372974486
 31
0.0
  0
LINE
  5
774
330
1F
100
AcDbEntity
  8
0
  6
Continuous
 62
     7
370
    25
100
AcDbLine
 10
449.615659063
 20
110.0627025514
 30
0.0
 11
164.615659063
 21
110.0627025514
 31
0.0
  0
LINE
  5
775
330
1F
100
AcDbEntity
  8
0
  6
Continuous
 62
     7
370
    25
100
AcDbLine
 10
449.615659063
 20
-244.9372974486
 30
0.0
 11
449.615659063
 21
110.0627025514
 31
0.0
  0
LINE
  5
776
330
1F
100
AcDbEntity
  8
0
  6
Continuous
 62
     7
370
    25
100
AcDbLine
 10
164.615659063
 20
-244.9372974486
 30
0.0
 11
449.615659063
 21
-244.9372974486
 31
0.0
  0
LINE
  5
777
330
1F
100
AcDbEntity
  8
0
  6
Continuous
 62
     7
370
    25
100
AcDbLine
 10
172.115659063
 20
-187.4372974486
 30
0.0
 11
172.115659063
 21
-212.4372974486
 31
0.0
  0
LINE
  5
778
330
1F
100
AcDbEntity
  8
0
  6
Continuous
 62
     7
370
    25
100
AcDbLine
 10
172.115659063
 20
77.5627025514
 30
0.0
 11
172.115659063
 21
52.5627025514
 31
0.0
  0
LINE
  5
779
330
1F
100
AcDbEntity
  8
0
  6
Continuous
 62
     7
370
    25
100
AcDbLine
 10
167.115659063
 20
77.5627025514
 30
0.0
 11
172.115659063
 21
77.5627025514
 31
0.0
  0
LINE
  5
77A
330
1F
100
AcDbEntity
  8
0
  6
Continuous
 62
     7
370
    25
100
AcDbLine
 10
167.115659063
 20
52.5627025514
 30
0.0
 11
167.115659063
 21
77.5627025514
 31
0.0
  0
LINE
  5
77B
330
1F
100
AcDbEntity
  8
0
  6
Continuous
 62
     7
370
    25
100
AcDbLine
 10
167.115659063
 20
52.5627025514
 30
0.0
 11
172.115659063
 21
52.5627025514
 31
0.0
  0
LINE
  5
77C
330
1F
100
AcDbEntity
  8
0
  6
Continuous
 62
     7
370
    25
100
AcDbLine
 10
172.115659063
 20
11.3127025514
 30
0.0
 11
172.115659063
 21
-13.6872974486
 31
0.0
  0
LINE
  5
77D
330
1F
100
AcDbEntity
  8
0
  6
Continuous
 62
     7
370
    25
100
AcDbLine
 10
167.115659063
 20
11.3127025514
 30
0.0
 11
172.115659063
 21
11.3127025514
 31
0.0
  0
LINE
  5
77E
330
1F
100
AcDbEntity
  8
0
  6
Continuous
 62
     7
370
    25
100
AcDbLine
 10
167.115659063
 20
-13.6872974486
 30
0.0
 11
167.115659063
 21
11.3127025514
 31
0.0
  0
LINE
  5
77F
330
1F
100
AcDbEntity
  8
0
  6
Continuous
 62
     7
370
    25
100
AcDbLine
 10
167.115659063
 20
-13.6872974486
 30
0.0
 11
172.115659063
 21
-13.6872974486
 31
0.0
  0
LINE
  5
780
330
1F
100
AcDbEntity
  8
0
  6
Continuous
 62
     7
370
    25
100
AcDbLine
 10
172.115659063
 20
-54.9372974486
 30
0.0
 11
172.115659063
 21
-79.9372974486
 31
0.0
  0
LINE
  5
781
330
1F
100
AcDbEntity
  8
0
  6
Continuous
 62
     7
370
    25
100
AcDbLine
 10
167.115659063
 20
-54.9372974486
 30
0.0
 11
172.115659063
 21
-54.9372974486
 31
0.0
  0
LINE
  5
782
330
1F
100
AcDbEntity
  8
0
  6
Continuous
 62
     7
370
    25
100
AcDbLine
 10
167.115659063
 20
-79.9372974486
 30
0.0
 11
167.115659063
 21
-54.9372974486
 31
0.0
  0
LINE
  5
783
330
1F
100
AcDbEntity
  8
0
  6
Continuous
 62
     7
370
    25
100
AcDbLine
 10
442.115659063
 20
-187.4372974486
 30
0.0
 11
447.115659063
 21
-187.4372974486
 31
0.0
  0
LINE
  5
784
330
1F
100
AcDbEntity
  8
0
  6
Continuous
 62
     7
370
    25
100
AcDbLine
 10
202.115659063
 20
107.5627025514
 30
0.0
 11
227.115659063
 21
107.5627025514
 31
0.0
  0
LINE
  5
785
330
1F
100
AcDbEntity
  8
0
  6
Continuous
 62
     7
370
    25
100
AcDbLine
 10
202.115659063
 20
107.5627025514
 30
0.0
 11
202.115659063
 21
102.5627025514
 31
0.0
  0
LINE
  5
786
330
1F
100
AcDbEntity
  8
0
  6
Continuous
 62
     7
370
    25
100
AcDbLine
 10
202.115659063
 20
102.5627025514
 30
0.0
 11
227.115659063
 21
102.5627025514
 31
0.0
  0
LINE
  5
787
330
1F
100
AcDbEntity
  8
0
  6
Continuous
 62
     7
370
    25
100
AcDbLine
 10
387.115659063
 20
107.5627025514
 30
0.0
 11
412.115659063
 21
107.5627025514
 31
0.0
  0
LINE
  5
788
330
1F
100
AcDbEntity
  8
0
  6
Continuous
 62
     7
370
    25
100
AcDbLine
 10
387.115659063
 20
107.5627025514
 30
0.0
 11
387.115659063
 21
102.5627025514
 31
0.0
  0
LINE
  5
789
330
1F
100
AcDbEntity
  8
0
  6
Continuous
 62
     7
370
    25
100
AcDbLine
 10
387.115659063
 20
102.5627025514
 30
0.0
 11
412.115659063
 21
102.5627025514
 31
0.0
  0
LINE
  5
78A
330
1F
100
AcDbEntity
  8
0
  6
Continuous
 62
     7
370
    25
100
AcDbLine
 10
325.4489923963
 20
107.5627025514
 30
0.0
 11
350.4489923963
 21
107.5627025514
 31
0.0
  0
LINE
  5
78B
330
1F
100
AcDbEntity
  8
0
  6
Continuous
 62
     7
370
    25
100
AcDbLine
 10
325.4489923963
 20
107.5627025514
 30
0.0
 11
325.4489923963
 21
102.5627025514
 31
0.0
  0
LINE
  5
78C
330
1F
100
AcDbEntity
  8
0
  6
Continuous
 62
     7
370
    25
100
AcDbLine
 10
325.4489923963
 20
102.5627025514
 30
0.0
 11
350.4489923963
 21
102.5627025514
 31
0.0
  0
LINE
  5
78D
330
1F
100
AcDbEntity
  8
0
  6
Continuous
 62
     7
370
    25
100
AcDbLine
 10
263.7823257297
 20
107.5627025514
 30
0.0
 11
288.7823257297
 21
107.5627025514
 31
0.0
  0
LINE
  5
78E
330
1F
100
AcDbEntity
  8
0
  6
Continuous
 62
     7
370
    25
100
AcDbLine
 10
263.7823257297
 20
107.5627025514
 30
0.0
 11
263.7823257297
 21
102.5627025514
 31
0.0
  0
LINE
  5
78F
330
1F
100
AcDbEntity
  8
0
  6
Continuous
 62
     7
370
    25
100
AcDbLine
 10
263.7823257297
 20
102.5627025514
 30
0.0
 11
288.7823257297
 21
102.5627025514
 31
0.0
  0
LINE
  5
790
330
1F
100
AcDbEntity
  8
0
  6
Continuous
 62
     7
370
    25
100
AcDbLine
 10
387.115659063
 20
-237.4372974486
 30
0.0
 11
412.115659063
 21
-237.4372974486
 31
0.0
  0
LINE
  5
791
330
1F
100
AcDbEntity
  8
0
  6
Continuous
 62
     7
370
    25
100
AcDbLine
 10
387.115659063
 20
-237.4372974486
 30
0.0
 11
387.115659063
 21
-242.4372974486
 31
0.0
  0
LINE
  5
792
330
1F
100
AcDbEntity
  8
0
  6
Continuous
 62
     7
370
    25
100
AcDbLine
 10
387.115659063
 20
-242.4372974486
 30
0.0
 11
412.115659063
 21
-242.4372974486
 31
0.0
  0
LINE
  5
793
330
1F
100
AcDbEntity
  8
0
  6
Continuous
 62
     7
370
    25
100
AcDbLine
 10
325.4489923963
 20
-237.4372974486
 30
0.0
 11
325.4489923963
 21
-242.4372974486
 31
0.0
  0
LINE
  5
794
330
1F
100
AcDbEntity
  8
0
  6
Continuous
 62
     7
370
    25
100
AcDbLine
 10
325.4489923963
 20
-242.4372974486
 30
0.0
 11
350.4489923963
 21
-242.4372974486
 31
0.0
  0
LINE
  5
795
330
1F
100
AcDbEntity
  8
0
  6
Continuous
 62
     7
370
    25
100
AcDbLine
 10
263.7823257297
 20
-237.4372974486
 30
0.0
 11
288.7823257297
 21
-237.4372974486
 31
0.0
  0
LINE
  5
796
330
1F
100
AcDbEntity
  8
0
  6
Continuous
 62
     7
370
    25
100
AcDbLine
 10
263.7823257297
 20
-237.4372974486
 30
0.0
 11
263.7823257297
 21
-242.4372974486
 31
0.0
  0
LINE
  5
797
330
1F
100
AcDbEntity
  8
0
  6
Continuous
 62
     7
370
    25
100
AcDbLine
 10
263.7823257297
 20
-242.4372974486
 30
0.0
 11
288.7823257297
 21
-242.4372974486
 31
0.0
  0
LINE
  5
798
330
1F
100
AcDbEntity
  8
0
  6
Continuous
 62
     7
370
    25
100
AcDbLine
 10
202.115659063
 20
-237.4372974486
 30
0.0
 11
202.115659063
 21
-242.4372974486
 31
0.0
  0
LINE
  5
799
330
1F
100
AcDbEntity
  8
0
  6
Continuous
 62
     7
370
    25
100
AcDbLine
 10
202.115659063
 20
-242.4372974486
 30
0.0
 11
227.115659063
 21
-242.4372974486
 31
0.0
  0
LINE
  5
79A
330
1F
100
AcDbEntity
  8
0
  6
Continuous
 62
     7
370
    25
100
AcDbLine
 10
227.115659063
 20
-237.4372974486
 30
0.0
 11
227.115659063
 21
-242.4372974486
 31
0.0
  0
LINE
  5
79B
330
1F
100
AcDbEntity
  8
0
  6
Continuous
 62
     7
370
    25
100
AcDbLine
 10
202.115659063
 20
-237.4372974486
 30
0.0
 11
227.115659063
 21
-237.4372974486
 31
0.0
  0
LINE
  5
79C
330
1F
100
AcDbEntity
  8
0
  6
Continuous
 62
     7
370
    25
100
AcDbLine
 10
350.4489923963
 20
107.5627025514
 30
0.0
 11
350.4489923963
 21
102.5627025514
 31
0.0
  0
LINE
  5
79D
330
1F
100
AcDbEntity
  8
0
  6
Continuous
 62
     7
370
    25
100
AcDbLine
 10
167.115659063
 20
-79.9372974486
 30
0.0
 11
172.115659063
 21
-79.9372974486
 31
0.0
  0
LINE
  5
79E
330
1F
100
AcDbEntity
  8
0
  6
Continuous
 62
     7
370
    25
100
AcDbLine
 10
412.115659063
 20
-237.4372974486
 30
0.0
 11
412.115659063
 21
-242.4372974486
 31
0.0
  0
LINE
  5
79F
330
1F
100
AcDbEntity
  8
0
  6
Continuous
 62
     7
370
    25
100
AcDbLine
 10
288.7823257297
 20
-237.4372974486
 30
0.0
 11
288.7823257297
 21
-242.4372974486
 31
0.0
  0
LINE
  5
7A0
330
1F
100
AcDbEntity
  8
0
  6
Continuous
 62
     7
370
    25
100
AcDbLine
 10
167.115659063
 20
-187.4372974486
 30
0.0
 11
172.115659063
 21
-187.4372974486
 31
0.0
  0
LINE
  5
7A1
330
1F
100
AcDbEntity
  8
0
  6
Continuous
 62
     7
370
    25
100
AcDbLine
 10
167.115659063
 20
-212.4372974486
 30
0.0
 11
167.115659063
 21
-187.4372974486
 31
0.0
  0
LINE
  5
7A2
330
1F
100
AcDbEntity
  8
0
  6
Continuous
 62
     7
370
    25
100
AcDbLine
 10
167.115659063
 20
-212.4372974486
 30
0.0
 11
172.115659063
 21
-212.4372974486
 31
0.0
  0
LINE
  5
7A3
330
1F
100
AcDbEntity
  8
0
  6
Continuous
 62
     7
370
    25
100
AcDbLine
 10
288.7823257297
 20
107.5627025514
 30
0.0
 11
288.7823257297
 21
102.5627025514
 31
0.0
  0
LINE
  5
7A4
330
1F
100
AcDbEntity
  8
0
  6
Continuous
 62
     7
370
    25
100
AcDbLine
 10
172.115659063
 20
-121.1872974486
 30
0.0
 11
172.115659063
 21
-146.1872974486
 31
0.0
  0
LINE
  5
7A5
330
1F
100
AcDbEntity
  8
0
  6
Continuous
 62
     7
370
    25
100
AcDbLine
 10
442.115659063
 20
-187.4372974486
 30
0.0
 11
442.115659063
 21
-212.4372974486
 31
0.0
  0
LINE
  5
7A6
330
1F
100
AcDbEntity
  8
0
  6
Continuous
 62
     7
370
    25
100
AcDbLine
 10
447.115659063
 20
-146.1872974486
 30
0.0
 11
447.115659063
 21
-121.1872974486
 31
0.0
  0
LINE
  5
7A7
330
1F
100
AcDbEntity
  8
0
  6
Continuous
 62
     7
370
    25
100
AcDbLine
 10
442.115659063
 20
-121.1872974486
 30
0.0
 11
447.115659063
 21
-121.1872974486
 31
0.0
  0
LINE
  5
7A8
330
1F
100
AcDbEntity
  8
0
  6
Continuous
 62
     7
370
    25
100
AcDbLine
 10
442.115659063
 20
-54.9372974486
 30
0.0
 11
447.115659063
 21
-54.9372974486
 31
0.0
  0
LINE
  5
7A9
330
1F
100
AcDbEntity
  8
0
  6
Continuous
 62
     7
370
    25
100
AcDbLine
 10
442.115659063
 20
11.3127025514
 30
0.0
 11
447.115659063
 21
11.3127025514
 31
0.0
  0
LINE
  5
7AA
330
1F
100
AcDbEntity
  8
0
  6
Continuous
 62
     7
370
    25
100
AcDbLine
 10
442.115659063
 20
77.5627025514
 30
0.0
 11
447.115659063
 21
77.5627025514
 31
0.0
  0
LINE
  5
7AB
330
1F
100
AcDbEntity
  8
0
  6
Continuous
 62
     7
370
    25
100
AcDbLine
 10
167.115659063
 20
-146.1872974486
 30
0.0
 11
172.115659063
 21
-146.1872974486
 31
0.0
  0
LINE
  5
7AC
330
1F
100
AcDbEntity
  8
0
  6
Continuous
 62
     7
370
    25
100
AcDbLine
 10
227.115659063
 20
107.5627025514
 30
0.0
 11
227.115659063
 21
102.5627025514
 31
0.0
  0
LINE
  5
7AD
330
1F
100
AcDbEntity
  8
0
  6
Continuous
 62
     7
370
    25
100
AcDbLine
 10
412.115659063
 20
107.5627025514
 30
0.0
 11
412.115659063
 21
102.5627025514
 31
0.0
  0
LINE
  5
7AE
330
1F
100
AcDbEntity
  8
0
  6
Continuous
 62
     7
370
    25
100
AcDbLine
 10
442.115659063
 20
52.5627025514
 30
0.0
 11
447.115659063
 21
52.5627025514
 31
0.0
  0
LINE
  5
7AF
330
1F
100
AcDbEntity
  8
0
  6
Continuous
 62
     7
370
    25
100
AcDbLine
 10
447.115659063
 20
52.5627025514
 30
0.0
 11
447.115659063
 21
77.5627025514
 31
0.0
  0
LINE
  5
7B0
330
1F
100
AcDbEntity
  8
0
  6
Continuous
 62
     7
370
    25
100
AcDbLine
 10
167.115659063
 20
-121.1872974486
 30
0.0
 11
172.115659063
 21
-121.1872974486
 31
0.0
  0
LINE
  5
7B1
330
1F
100
AcDbEntity
  8
0
  6
Continuous
 62
     7
370
    25
100
AcDbLine
 10
167.115659063
 20
-146.1872974486
 30
0.0
 11
167.115659063
 21
-121.1872974486
 31
0.0
  0
LINE
  5
7B2
330
1F
100
AcDbEntity
  8
0
  6
Continuous
 62
     7
370
    25
100
AcDbLine
 10
325.4489923963
 20
-237.4372974486
 30
0.0
 11
350.4489923963
 21
-237.4372974486
 31
0.0
  0
LINE
  5
7B3
330
1F
100
AcDbEntity
  8
0
  6
Continuous
 62
     7
370
    25
100
AcDbLine
 10
442.115659063
 20
-121.1872974486
 30
0.0
 11
442.115659063
 21
-146.1872974486
 31
0.0
  0
LINE
  5
7B4
330
1F
100
AcDbEntity
  8
0
  6
Continuous
 62
     7
370
    25
100
AcDbLine
 10
442.115659063
 20
-146.1872974486
 30
0.0
 11
447.115659063
 21
-146.1872974486
 31
0.0
  0
LINE
  5
7B5
330
1F
100
AcDbEntity
  8
0
  6
Continuous
 62
     7
370
    25
100
AcDbLine
 10
442.115659063
 20
77.5627025514
 30
0.0
 11
442.115659063
 21
52.5627025514
 31
0.0
  0
LINE
  5
7B6
330
1F
100
AcDbEntity
  8
0
  6
Continuous
 62
     7
370
    25
100
AcDbLine
 10
442.115659063
 20
-54.9372974486
 30
0.0
 11
442.115659063
 21
-79.9372974486
 31
0.0
  0
LINE
  5
7B7
330
1F
100
AcDbEntity
  8
0
  6
Continuous
 62
     7
370
    25
100
AcDbLine
 10
442.115659063
 20
-79.9372974486
 30
0.0
 11
447.115659063
 21
-79.9372974486
 31
0.0
  0
LINE
  5
7B8
330
1F
100
AcDbEntity
  8
0
  6
Continuous
 62
     7
370
    25
100
AcDbLine
 10
447.115659063
 20
-79.9372974486
 30
0.0
 11
447.115659063
 21
-54.9372974486
 31
0.0
  0
LINE
  5
7B9
330
1F
100
AcDbEntity
  8
0
  6
Continuous
 62
     7
370
    25
100
AcDbLine
 10
442.115659063
 20
11.3127025514
 30
0.0
 11
442.115659063
 21
-13.6872974486
 31
0.0
  0
LINE
  5
7BA
330
1F
100
AcDbEntity
  8
0
  6
Continuous
 62
     7
370
    25
100
AcDbLine
 10
442.115659063
 20
-13.6872974486
 30
0.0
 11
447.115659063
 21
-13.6872974486
 31
0.0
  0
LINE
  5
7BB
330
1F
100
AcDbEntity
  8
0
  6
Continuous
 62
     7
370
    25
100
AcDbLine
 10
447.115659063
 20
-13.6872974486
 30
0.0
 11
447.115659063
 21
11.3127025514
 31
0.0
  0
LINE
  5
7BC
330
1F
100
AcDbEntity
  8
0
  6
Continuous
 62
     7
370
    25
100
AcDbLine
 10
350.4489923963
 20
-237.4372974486
 30
0.0
 11
350.4489923963
 21
-242.4372974486
 31
0.0
  0
LINE
  5
7BD
330
1F
100
AcDbEntity
  8
0
  6
Continuous
 62
     7
370
    25
100
AcDbLine
 10
442.115659063
 20
-212.4372974486
 30
0.0
 11
447.115659063
 21
-212.4372974486
 31
0.0
  0
LINE
  5
7BE
330
1F
100
AcDbEntity
  8
0
  6
Continuous
 62
     7
370
    25
100
AcDbLine
 10
447.115659063
 20
-212.4372974486
 30
0.0
 11
447.115659063
 21
-187.4372974486
 31
0.0
  0
ARC
  5
7BF
330
1F
100
AcDbEntity
  8
0
  6
Continuous
 62
     7
370
    25
100
AcDbCircle
 10
58.6363456891
 20
59.2284346407
 30
0.0
 40
4.999999999999943
100
AcDbArc
 50
0.0
 51
90.0
  0
ARC
  5
7C0
330
1F
100
AcDbEntity
  8
0
  6
Continuous
 62
     7
370
    25
100
AcDbCircle
 10
-149.3636543109
 20
59.2284346407
 30
0.0
 40
5.000000000000085
100
AcDbArc
 50
90.0
 51
180.0
  0
ARC
  5
7C1
330
1F
100
AcDbEntity
  8
0
  6
Continuous
 62
     7
370
    25
100
AcDbCircle
 10
-149.3636543109
 20
-67.7715653593
 30
0.0
 40
5.0
100
AcDbArc
 50
180.0
 51
270.0
  0
ARC
  5
7C2
330
1F
100
AcDbEntity
  8
0
  6
Continuous
 62
     7
370
    25
100
AcDbCircle
 10
58.6363456891
 20
-67.7715653593
 30
0.0
 40
5.000000000000014
100
AcDbArc
 50
270.0
 51
0.0
  0
ENDSEC
  0
SECTION
  2
OBJECTS
  0
DICTIONARY
  5
C
330
0
100
AcDbDictionary
281
     1
  3
ACAD_GROUP
350
D
  3
ACAD_LAYOUT
350
1A
  3
ACAD_MLINESTYLE
350
17
  3
ACAD_PLOTSETTINGS
350
19
  3
ACAD_PLOTSTYLENAME
350
E
  3
ACAD_SCALELIST
350
47
  3
DWGPROPS
350
7C3
  0
DICTIONARY
  5
D
102
{ACAD_REACTORS
330
C
102
}
330
C
100
AcDbDictionary
281
     1
  0
DICTIONARY
  5
1A
102
{ACAD_REACTORS
330
C
102
}
330
C
100
AcDbDictionary
281
     1
  3
Layout1
350
1E
  3
Layout2
350
26
  3
Model
350
22
  0
DICTIONARY
  5
17
102
{ACAD_REACTORS
330
C
102
}
330
C
100
AcDbDictionary
281
     1
  3
Standard
350
18
  0
DICTIONARY
  5
19
102
{ACAD_REACTORS
330
C
102
}
330
C
100
AcDbDictionary
281
     1
  0
ACDBDICTIONARYWDFLT
  5
E
102
{ACAD_REACTORS
330
C
102
}
330
C
100
AcDbDictionary
281
     1
  3
Normal
350
F
100
AcDbDictionaryWithDefault
340
F
  0
DICTIONARY
  5
47
102
{ACAD_REACTORS
330
C
102
}
330
C
100
AcDbDictionary
281
     1
  3
A0
350
48
  3
A1
350
49
  3
A2
350
4A
  3
A3
350
4B
  3
A4
350
4C
  3
A5
350
4D
  3
A6
350
4E
  3
A7
350
4F
  3
A8
350
50
  3
A9
350
51
  3
B0
350
52
  3
B1
350
53
  3
B2
350
54
  3
B3
350
55
  3
B4
350
56
  3
B5
350
57
  3
B6
350
58
  0
XRECORD
  5
7C3
102
{ACAD_REACTORS
330
C
102
}
330
C
100
AcDbXrecord
280
     1
  1
DWGPROPS COOKIE
  2

  3

  4

  6

  7

  8
moham
  9

300
=
301
=
302
=
303
=
304
=
305
=
306
=
307
=
308
=
309
=
 40
0.0
 41
2461160.52028529
 42
2461160.520313855
  1

 90
        0
  0
LAYOUT
  5
1E
102
{ACAD_REACTORS
330
1A
102
}
330
1A
100
AcDbPlotSettings
  1

  2
none_device
  4

  6

 40
0.0
 41
0.0
 42
0.0
 43
0.0
 44
0.0
 45
0.0
 46
0.0
 47
0.0
 48
0.0
 49
0.0
140
0.0
141
0.0
142
1.0
143
1.0
 70
   688
 72
     1
 73
     0
 74
     5
  7

 75
    16
147
1.0
148
0.0
149
0.0
100
AcDbLayout
  1
Layout1
 70
     1
 71
     1
 10
0.0
 20
0.0
 11
420.0
 21
297.0
 12
0.0
 22
0.0
 32
0.0
 14
1.0000000000E+20
 24
1.0000000000E+20
 34
1.0000000000E+20
 15
-1.0000000000E+20
 25
-1.0000000000E+20
 35
-1.0000000000E+20
146
0.0
 13
0.0
 23
0.0
 33
0.0
 16
1.0
 26
0.0
 36
0.0
 17
0.0
 27
1.0
 37
0.0
 76
     0
330
1B
  0
LAYOUT
  5
26
102
{ACAD_REACTORS
330
1A
102
}
330
1A
100
AcDbPlotSettings
  1

  2
none_device
  4

  6

 40
0.0
 41
0.0
 42
0.0
 43
0.0
 44
0.0
 45
0.0
 46
0.0
 47
0.0
 48
0.0
 49
0.0
140
0.0
141
0.0
142
1.0
143
1.0
 70
   688
 72
     1
 73
     0
 74
     5
  7

 75
    16
147
1.0
148
0.0
149
0.0
100
AcDbLayout
  1
Layout2
 70
     1
 71
     2
 10
0.0
 20
0.0
 11
0.0
 21
0.0
 12
0.0
 22
0.0
 32
0.0
 14
0.0
 24
0.0
 34
0.0
 15
0.0
 25
0.0
 35
0.0
146
0.0
 13
0.0
 23
0.0
 33
0.0
 16
1.0
 26
0.0
 36
0.0
 17
0.0
 27
1.0
 37
0.0
 76
     0
330
23
  0
LAYOUT
  5
22
102
{ACAD_REACTORS
330
1A
102
}
330
1A
100
AcDbPlotSettings
  1

  2
none_device
  4
ANSI_A_(11.00_x_8.50_Inches)
  6

 40
6.35
 41
19.05
 42
6.35000508
 43
19.05000254
 44
279.4
 45
215.9
 46
150.4354701893
 47
138.9744560574
 48
0.0
 49
0.0
140
0.0
141
0.0
142
0.0083492886
143
1.0
 70
  1696
 72
     0
 73
     0
 74
     0
  7

 75
     0
147
0.0179189148
148
-1300.4909072572
149
0.0
100
AcDbLayout
  1
Model
 70
     1
 71
     0
 10
0.0
 20
0.0
 11
420.0
 21
297.0
 12
0.0
 22
0.0
 32
0.0
 14
-732.7158838282
 24
-619.2535986356
 34
0.0
 15
571.586849845
 25
147.0132887414
 35
0.0
146
0.0
 13
0.0
 23
0.0
 33
0.0
 16
1.0
 26
0.0
 36
0.0
 17
0.0
 27
1.0
 37
0.0
 76
     0
330
1F
331
29
  0
MLINESTYLE
  5
18
102
{ACAD_REACTORS
330
17
102
}
330
17
100
AcDbMlineStyle
  2
Standard
 70
     0
  3

 62
   256
 51
90.0
 52
90.0
 71
     2
 49
0.5
 62
   256
  6
BYLAYER
 49
-0.5
 62
   256
  6
BYLAYER
  0
ACDBPLACEHOLDER
  5
F
102
{ACAD_REACTORS
330
E
102
}
330
E
  0
SCALE
  5
48
102
{ACAD_REACTORS
330
47
102
}
330
47
100
AcDbScale
 70
     0
300
1:1
140
1.0
141
1.0
290
     1
  0
SCALE
  5
49
102
{ACAD_REACTORS
330
47
102
}
330
47
100
AcDbScale
 70
     0
300
1:2
140
1.0
141
2.0
290
     0
  0
SCALE
  5
4A
102
{ACAD_REACTORS
330
47
102
}
330
47
100
AcDbScale
 70
     0
300
1:4
140
1.0
141
4.0
290
     0
  0
SCALE
  5
4B
102
{ACAD_REACTORS
330
47
102
}
330
47
100
AcDbScale
 70
     0
300
1:5
140
1.0
141
5.0
290
     0
  0
SCALE
  5
4C
102
{ACAD_REACTORS
330
47
102
}
330
47
100
AcDbScale
 70
     0
300
1:8
140
1.0
141
8.0
290
     0
  0
SCALE
  5
4D
102
{ACAD_REACTORS
330
47
102
}
330
47
100
AcDbScale
 70
     0
300
1:10
140
1.0
141
10.0
290
     0
  0
SCALE
  5
4E
102
{ACAD_REACTORS
330
47
102
}
330
47
100
AcDbScale
 70
     0
300
1:16
140
1.0
141
16.0
290
     0
  0
SCALE
  5
4F
102
{ACAD_REACTORS
330
47
102
}
330
47
100
AcDbScale
 70
     0
300
1:20
140
1.0
141
20.0
290
     0
  0
SCALE
  5
50
102
{ACAD_REACTORS
330
47
102
}
330
47
100
AcDbScale
 70
     0
300
1:30
140
1.0
141
30.0
290
     0
  0
SCALE
  5
51
102
{ACAD_REACTORS
330
47
102
}
330
47
100
AcDbScale
 70
     0
300
1:40
140
1.0
141
40.0
290
     0
  0
SCALE
  5
52
102
{ACAD_REACTORS
330
47
102
}
330
47
100
AcDbScale
 70
     0
300
1:50
140
1.0
141
50.0
290
     0
  0
SCALE
  5
53
102
{ACAD_REACTORS
330
47
102
}
330
47
100
AcDbScale
 70
     0
300
1:100
140
1.0
141
100.0
290
     0
  0
SCALE
  5
54
102
{ACAD_REACTORS
330
47
102
}
330
47
100
AcDbScale
 70
     0
300
2:1
140
2.0
141
1.0
290
     0
  0
SCALE
  5
55
102
{ACAD_REACTORS
330
47
102
}
330
47
100
AcDbScale
 70
     0
300
4:1
140
4.0
141
1.0
290
     0
  0
SCALE
  5
56
102
{ACAD_REACTORS
330
47
102
}
330
47
100
AcDbScale
 70
     0
300
8:1
140
8.0
141
1.0
290
     0
  0
SCALE
  5
57
102
{ACAD_REACTORS
330
47
102
}
330
47
100
AcDbScale
 70
     0
300
10:1
140
10.0
141
1.0
290
     0
  0
SCALE
  5
58
102
{ACAD_REACTORS
330
47
102
}
330
47
100
AcDbScale
 70
     0
300
100:1
140
100.0
141
1.0
290
     0
  0
ENDSEC
  0
EOF
